siteID,aID_SP,N,Deckung
56,21,2,0.1
56,108,3,20
56,109,3,0.1
56,161,4,10
56,178,4,10
56,180,NA,0.1
56,363,4,0.1
56,408,3,0.1
56,425,4,0.5
56,438,4,0.1
56,446,5,0.1
56,618,4,0.1
56,760,3,0.5
56,796,3,0.1
56,928,NA,0.1
56,1056,3,0.1
56,1060,4,20
56,1084,NA,0.5
56,1322,4,3
56,1533,3,0.1
56,1655,3,0.1
56,1661,4,0.1
56,1873,3,0.5
56,1898,2,0.1
56,2179,3,0.1
56,2276,4,3
56,2408,2,3
56,2410,2,0.1
56,2459,4,3
56,2503,4,10
56,2505,3,3
56,2512,4,0.5
56,2513,3,0.5
56,2527,4,0.5
56,2549,3,3
56,2574,2,0.5
56,2593,3,0.5
56,2610,2,20
56,2775,2,0.1
55,85,3,0.1
55,178,4,0.1
55,187,4,0.1
55,363,4,0.5
55,391,4,0.1
55,425,4,0.1
55,438,4,0.5
55,442,3,0.5
55,564,3,0.1
55,579,3,0.1
55,928,NA,0.5
55,1056,3,20
55,1060,4,3
55,1069,3,37.5
55,1276,3,0.1
55,1361,4,0.5
55,1484,3,0.5
55,1533,3,0.5
55,1599,3,10
55,1607,3,0.5
55,1665,3,0.5
55,1674,4,0.5
55,1987,3,3
55,2109,2,0.1
55,7950,NA,3
55,2181,4,3
55,2304,2,3
55,2467,NA,0.1
55,2503,4,0.1
55,2505,3,0.5
55,2512,4,10
55,2527,4,0.5
55,2549,3,20
55,2550,2,0.1
55,2558,4,10
55,2600,4,0.5
55,2610,2,0.5
44,37,2,0.1
44,85,3,0.5
44,87,3,0.1
44,184,2,3
44,761,2,0.1
44,796,3,0.5
44,892,2,0.5
44,922,2,3
44,928,NA,0.5
44,968,4,0.5
44,1049,3,10
44,1056,3,0.5
44,1060,4,0.5
44,1259,2,0.1
44,1268,2,0.1
44,1322,4,0.1
44,1533,3,20
44,1583,2,0.5
44,1599,3,0.1
44,1600,3,0.1
44,1773,2,0.1
44,1793,3,0.5
44,1828,2,0.1
44,1860,3,3
44,1873,3,0.1
44,1898,2,0.5
44,2007,2,0.5
44,2066,3,0.5
44,2109,2,10
44,2113,2,10
44,2125,3,3
44,7950,NA,0.1
44,2193,2,0.1
44,2201,2,0.1
44,2276,4,0.1
44,2292,3,0.1
44,2394,2,0.1
44,2408,2,3
44,2418,3,0.5
44,2459,4,0.1
44,2467,NA,10
44,2505,3,0.1
44,2512,4,0.5
44,2513,3,3
44,2556,3,3
44,2574,2,10
44,2610,2,3
44,2775,2,0.1
29,21,2,0.1
29,178,4,3
29,363,4,0.1
29,438,4,0.1
29,618,4,0.5
29,868,4,0.5
29,928,NA,0.5
29,1056,3,3
29,1060,4,0.5
29,1069,3,10
29,1084,NA,0.5
29,1128,3,0.1
29,1142,3,0.5
29,1150,3,0.5
29,1513,3,0.1
29,1599,3,3
29,1661,4,0.1
29,2056,5,0.5
29,7950,NA,0.5
29,2181,4,0.5
29,2276,4,0.1
29,2278,4,0.1
29,2408,2,3
29,2452,4,0.1
29,2459,4,37.5
29,2460,4,0.1
29,2467,NA,0.5
29,2489,4,0.1
29,2503,4,20
29,2513,3,20
29,2527,4,3
29,2549,3,37.5
29,2574,2,10
29,2610,2,0.1
110,13,3,0.5
110,109,3,10
110,147,3,0.5
110,180,NA,3
110,184,2,3
110,363,4,0.1
110,439,4,0.5
110,522,4,0.1
110,787,3,3
110,892,2,3
110,912,2,3
110,928,NA,10
110,1060,4,3
110,1072,3,3
110,1084,NA,0.5
110,1294,4,0.5
110,1322,4,20
110,1378,3,10
110,1385,4,0.1
110,1477,3,0.5
110,1533,3,0.5
110,1604,2,0.5
110,1690,3,0.5
110,1713,3,3
110,1775,3,0.5
110,1794,2,0.5
110,1860,3,3
110,1892,3,0.5
110,1987,3,0.5
110,2007,2,0.1
110,2045,2,0.5
110,2067,4,0.5
110,2113,2,10
110,2126,3,0.5
110,2163,4,0.5
110,2175,4,0.1
110,2189,2,0.5
110,2304,2,0.5
110,2394,2,0.5
110,2415,2,0.5
110,2418,3,0.1
110,2422,3,0.5
110,2424,2,0.5
110,2467,NA,10
110,2492,4,0.5
110,2505,3,0.5
110,2513,3,0.1
110,2546,2,3
110,2556,3,3
110,2559,4,0.5
110,2574,2,0.5
110,2595,2,0.5
110,2649,4,0.5
110,2719,4,3
110,2775,2,3
110,473,3,0.5
110,1056,3,3
110,1394,4,0.1
110,2303,2,0.5
110,2610,2,3
115,189,2,3
115,7287,NA,0.1
115,325,4,0.5
115,422,4,10
115,439,4,3
115,670,4,0.5
115,689,3,3
115,813,2,0.1
115,893,4,10
115,928,NA,0.1
115,1038,3,3
115,1044,3,0.1
115,1060,4,3
115,1084,NA,0.5
115,1128,3,0.5
115,1142,3,0.5
115,1287,3,0.5
115,1294,4,0.1
115,1355,3,3
115,1357,4,3
115,1359,2,3
115,1566,2,0.5
115,1583,2,3
115,1599,3,0.5
115,1655,3,10
115,1665,3,3
115,1782,3,3
115,1971,3,10
115,1987,3,0.1
115,1995,4,0.1
115,2064,4,3
115,2127,3,0.5
115,7950,NA,3
115,2155,4,0.1
115,2370,4,3
115,2398,2,0.5
115,2426,4,0.5
115,2460,4,10
115,2467,NA,10
115,2471,2,0.5
115,2505,3,3
115,2512,4,0.5
115,2559,4,0.5
115,2564,3,0.5
115,2565,2,0.5
115,2600,4,0.5
115,395,2,3
115,1056,3,3
115,2065,4,0.1
115,2129,3,0.5
115,2610,2,0.5
94,144,3,0.5
94,178,4,3
94,363,4,0.1
94,438,4,0.5
94,618,4,0.1
94,760,3,3
94,796,3,37.5
94,876,4,3
94,886,3,10
94,892,2,0.5
94,928,NA,3
94,1142,3,0.5
94,1150,3,0.5
94,1294,4,3
94,1513,3,3
94,1599,3,37.5
94,1655,3,0.5
94,1661,4,0.5
94,1825,4,3
94,7950,NA,0.5
94,2459,4,0.5
94,2467,NA,37.5
94,2512,4,0.5
94,2513,3,0.1
94,2527,4,0.5
94,2549,3,0.5
94,2558,4,0.5
94,2559,4,3
94,2564,3,0.1
94,2574,2,3
94,2610,2,20
107,23,2,0.1
107,87,3,0.1
107,178,4,0.5
107,180,NA,0.5
107,184,2,3
107,347,3,0.1
107,519,2,0.5
107,761,2,0.5
107,872,2,3
107,892,2,3
107,908,2,0.1
107,912,2,0.5
107,928,NA,0.5
107,1049,3,0.5
107,1056,3,3
107,1060,4,0.5
107,1061,2,0.5
107,1063,3,3
107,1084,NA,3
107,1259,2,0.1
107,1268,2,3
107,1272,2,0.1
107,1359,2,0.5
107,1391,2,0.5
107,1513,3,3
107,1533,3,10
107,1534,2,0.1
107,1564,3,3
107,1583,2,3
107,1599,3,3
107,1600,3,3
107,1653,2,0.5
107,7404,NA,0.5
107,1794,2,0.1
107,1856,3,3
107,1860,3,0.5
107,1864,2,0.1
107,1897,3,0.1
107,1971,3,0.5
107,1987,3,0.5
107,2045,2,0.5
107,2069,3,3
107,2098,3,0.1
107,2109,2,0.5
107,2113,2,0.5
107,7950,NA,0.1
107,2189,2,0.5
107,2193,2,3
107,2304,2,0.1
107,2394,2,10
107,2398,2,0.5
107,2403,3,0.5
107,2408,2,3
107,2447,2,3
107,2459,4,0.5
107,2467,NA,10
107,2477,2,3
107,2485,3,10
107,2512,4,0.5
107,2513,3,0.5
107,2546,2,37.5
107,2556,3,10
107,2564,3,3
107,2567,2,3
107,2571,2,0.5
107,2574,2,10
107,2593,3,0.1
107,2610,2,3
107,2719,4,3
64,178,4,0.1
64,187,4,0.5
64,395,2,0.5
64,425,4,0.5
64,454,5,3
64,893,4,0.5
64,928,NA,0.5
64,1084,NA,0.5
64,1128,3,0.5
64,1142,3,0.1
64,1150,3,0.5
64,1287,3,3
64,1294,4,0.1
64,1310,4,3
64,1322,4,0.5
64,1326,4,3
64,1394,4,3
64,1513,3,0.1
64,1529,3,0.5
64,1600,3,0.1
64,1971,3,0.1
64,2064,4,3
64,7950,NA,0.5
64,2460,4,3
64,2467,NA,0.5
64,2512,4,10
64,2523,4,0.5
64,2558,4,3
64,2593,3,0.5
68,37,2,0.5
68,180,NA,0.1
68,738,2,10
68,739,2,0.5
68,740,2,10
68,741,2,0.5
68,892,2,3
68,912,2,0.1
68,928,NA,0.1
68,1056,3,0.1
68,1378,3,0.1
68,1416,2,10
68,1791,2,0.5
68,1892,3,3
68,1929,2,0.1
68,2007,2,3
68,2012,2,0.5
68,2163,4,0.1
68,2193,2,0.1
68,2276,4,3
68,2303,2,0.5
68,2304,2,0.1
68,2375,2,0.5
68,2377,2,0.5
68,2395,3,0.5
68,2403,3,3
68,2467,NA,0.5
68,2546,2,37.5
68,2555,2,3
68,2564,3,0.1
68,2574,2,3
68,2593,3,10
68,2610,2,3
68,2649,4,0.1
68,2719,4,0.5
70,144,3,0.1
70,168,4,0.5
70,178,4,3
70,187,4,0.5
70,363,4,0.5
70,438,4,0.5
70,618,4,3
70,795,4,3
70,796,3,0.1
70,886,3,0.1
70,928,NA,3
70,1056,3,0.5
70,1060,4,3
70,1513,3,3
70,1533,3,3
70,1599,3,20
70,1601,4,0.1
70,1655,3,10
70,1661,4,0.5
70,1673,4,0.1
70,1674,4,3
70,1897,3,3
70,2109,2,0.5
70,7950,NA,20
70,2176,3,0.1
70,2418,3,0.1
70,2467,NA,3
70,2503,4,10
70,2505,3,0.5
70,2512,4,3
70,2527,4,3
70,2528,4,20
70,2549,3,20
70,1529,3,10
70,1825,4,3
70,2610,2,20
85,168,4,10
85,178,4,10
85,187,4,10
85,363,4,3
85,391,4,0.5
85,425,4,10
85,438,4,3
85,446,5,0.5
85,618,4,10
85,795,4,0.5
85,928,NA,3
85,1056,3,3
85,1060,4,3
85,1142,3,0.5
85,1294,4,3
85,1326,4,0.5
85,1355,3,3
85,1394,4,10
85,1480,4,0.5
85,1513,3,3
85,1529,3,0.5
85,1533,3,3
85,1599,3,10
85,1655,3,3
85,1661,4,0.5
85,1665,3,0.5
85,1674,4,3
85,1793,3,0.5
85,1897,3,0.5
85,1987,3,0.5
85,7950,NA,10
85,2459,4,3
85,2467,NA,10
85,2503,4,3
85,2505,3,3
85,2512,4,3
85,2527,4,10
85,2558,4,0.5
85,2559,4,0.5
85,2600,4,10
85,2610,2,10
72,13,3,0.5
72,108,3,3
72,178,4,0.5
72,180,NA,0.5
72,184,2,0.5
72,187,4,0.1
72,363,4,0.1
72,433,2,3
72,522,4,0.1
72,787,3,0.5
72,892,2,0.1
72,912,2,0.5
72,922,2,3
72,928,NA,10
72,1056,3,3
72,1060,4,0.5
72,1084,NA,0.5
72,1264,2,0.1
72,1266,2,0.1
72,1294,4,0.1
72,1322,4,3
72,1355,3,3
72,1513,3,0.1
72,1533,3,10
72,1583,2,0.5
72,1601,4,0.5
72,1604,2,0.5
72,1605,3,0.5
72,1661,4,0.1
72,1794,2,0.5
72,1890,3,0.5
72,1897,3,0.1
72,1898,2,0.1
72,2020,5,0.1
72,2072,4,0.5
72,2113,2,20
72,2123,3,3
72,7950,NA,0.1
72,2163,4,3
72,2304,2,0.1
72,2375,2,3
72,2377,2,0.1
72,2382,2,3
72,2403,3,10
72,2408,2,0.5
72,2410,2,3
72,2418,3,10
72,2424,2,0.1
72,2459,4,3
72,2467,NA,3
72,2490,4,0.5
72,2492,4,0.5
72,2513,3,3
72,2546,2,3
72,2556,3,3
72,2574,2,0.1
72,2595,2,0.5
72,2610,2,10
72,2649,4,0.1
72,2775,2,0.1
42,178,4,0.5
42,189,2,3
42,395,2,0.1
42,512,2,0.1
42,633,2,0.1
42,761,2,0.1
42,916,3,3
42,1038,3,0.5
42,1056,3,0.5
42,1060,4,0.5
42,1068,2,0.5
42,1120,2,10
42,1124,3,3
42,1128,3,3
42,1142,3,3
42,1150,3,3
42,1155,2,20
42,1264,2,0.1
42,1294,4,3
42,1322,4,0.5
42,1394,4,10
42,1402,3,0.1
42,1484,3,3
42,1560,2,0.1
42,1583,2,0.1
42,1600,3,3
42,1607,3,67.5
42,1617,4,0.1
42,1645,3,0.1
42,1655,3,10
42,1769,4,0.1
42,1773,2,0.1
42,1781,3,0.1
42,1794,2,0.5
42,1825,4,0.5
42,1856,3,10
42,1971,3,0.5
42,1987,3,0.5
42,2058,3,0.1
42,2086,2,3
42,2129,3,0.1
42,7950,NA,0.5
42,2189,2,10
42,2193,2,10
42,2447,2,37.5
42,2459,4,3
42,2467,NA,37.5
42,2486,3,3
42,2505,3,3
42,2512,4,3
42,2558,4,10
42,2559,4,37.5
42,2564,3,37.5
42,2610,2,10
16,168,4,3
16,178,4,3
16,187,4,20
16,347,3,0.1
16,362,4,0.5
16,618,4,0.1
16,877,4,0.1
16,886,3,0.1
16,893,4,3
16,1060,4,3
16,1533,3,10
16,1601,4,3
16,1655,3,0.5
16,1897,3,3
16,1971,3,3
16,2109,2,3
16,7950,NA,10
16,2176,3,0.5
16,2467,NA,0.5
16,2512,4,0.5
16,2513,3,0.5
16,2527,4,20
16,2549,3,0.5
16,2574,2,37.5
16,2576,4,3
16,2593,3,3
16,2615,3,0.1
16,363,4,0.5
16,928,NA,3
16,1661,4,0.5
16,2503,4,0.5
16,2505,3,3
16,2610,2,3
15,168,4,0.5
15,178,4,3
15,187,4,0.1
15,347,3,0.1
15,363,4,0.1
15,438,4,0.1
15,886,3,0.5
15,890,4,0.1
15,893,4,10
15,916,3,0.1
15,1038,3,0.5
15,1060,4,37.5
15,1084,NA,10
15,1314,3,0.1
15,1391,2,0.5
15,1513,3,3
15,1533,3,20
15,1599,3,3
15,1655,3,3
15,1661,4,0.1
15,1673,4,0.1
15,1674,4,0.1
15,1825,4,0.5
15,1869,3,0.1
15,1897,3,3
15,1971,3,3
15,2113,2,37.5
15,2123,3,3
15,7950,NA,37.5
15,2176,3,0.1
15,2459,4,0.5
15,2460,4,67.5
15,2467,NA,0.5
15,2512,4,3
15,2513,3,0.5
15,2523,4,0.1
15,2527,4,0.5
15,2549,3,3
15,2558,4,0.5
15,2559,4,3
15,2576,4,20
15,2593,3,0.1
15,928,NA,0.1
15,1056,3,10
15,1529,3,10
15,2183,4,0.5
15,2447,2,0.5
15,2503,4,0.1
15,2505,3,0.5
15,2610,2,0.5
4,144,3,0.5
4,178,4,3
4,347,3,0.1
4,363,4,0.1
4,438,4,3
4,473,3,0.1
4,618,4,0.5
4,1060,4,10
4,1150,3,0.5
4,1355,3,3
4,1533,3,0.5
4,1599,3,0.5
4,1655,3,0.5
4,1661,4,0.1
4,1714,2,0.5
4,1807,2,0.1
4,7950,NA,3
4,2178,3,0.5
4,2408,2,0.1
4,2459,4,3
4,2467,NA,20
4,2512,4,10
4,2513,3,37.5
4,2527,4,0.5
4,2559,4,37.5
4,2564,3,0.5
4,2574,2,20
4,2593,3,0.1
4,2653,3,0.1
4,2719,4,3
4,928,NA,3
4,1056,3,10
4,1971,3,0.5
4,2304,2,0.5
4,2503,4,3
4,2505,3,0.5
4,2610,2,3
30,21,2,10
30,108,3,37.5
30,109,3,37.5
30,130,4,3
30,161,4,87.5
30,178,4,0.5
30,184,2,0.5
30,408,3,0.5
30,425,4,37.5
30,522,4,3
30,760,3,20
30,868,4,37.5
30,876,4,10
30,892,2,3
30,1056,3,0.5
30,1199,4,0.5
30,1294,4,3
30,1480,4,0.1
30,1873,3,0.1
30,1898,2,0.1
30,2179,3,37.5
30,2272,2,0.5
30,2276,4,37.5
30,2333,3,0.5
30,2382,2,0.5
30,2403,3,0.5
30,2422,3,67.5
30,2459,4,3
30,2467,NA,0.5
30,2556,3,3
30,2574,2,3
30,2649,4,3
30,2719,4,0.1
30,2777,3,0.5
30,928,NA,10
30,1322,4,20
30,2303,2,0.5
30,2503,4,0.1
30,2610,2,0.5
2,178,4,20
2,187,4,0.5
2,341,4,0.1
2,367,3,0.5
2,422,4,0.1
2,438,4,0.5
2,446,5,0.5
2,618,4,0.1
2,670,4,0.1
2,760,3,0.5
2,872,2,0.5
2,1056,3,3
2,1060,4,20
2,1142,3,3
2,1150,3,0.1
2,1355,3,0.1
2,1357,4,0.1
2,1394,4,0.5
2,1513,3,3
2,1533,3,20
2,1583,2,0.5
2,1599,3,20
2,1600,3,3
2,1655,3,10
2,1818,2,0.5
2,1897,3,0.5
2,1971,3,3
2,2032,3,0.5
2,2064,4,10
2,2123,3,0.5
2,7950,NA,3
2,2178,3,0.5
2,2189,2,0.1
2,2408,2,0.5
2,2426,4,3
2,2459,4,37.5
2,2467,NA,3
2,2489,4,0.5
2,2512,4,10
2,2513,3,20
2,2559,4,20
2,2564,3,3
2,2576,4,20
2,363,4,0.5
2,928,NA,10
2,1084,NA,0.1
2,1601,4,3
2,1661,4,0.1
2,2447,2,0.5
2,2503,4,3
2,2505,3,3
2,2593,3,10
87,178,4,3
87,187,4,3
87,347,3,0.1
87,363,4,0.1
87,438,4,0.5
87,446,5,0.5
87,760,3,0.1
87,886,3,0.5
87,928,NA,0.5
87,1056,3,3
87,1060,4,3
87,1084,NA,3
87,1142,3,0.5
87,1150,3,0.1
87,1357,4,0.1
87,1513,3,0.5
87,1533,3,10
87,1583,2,0.5
87,1599,3,3
87,1600,3,3
87,1601,4,3
87,1655,3,3
87,1661,4,0.1
87,1775,3,0.1
87,1825,4,0.5
87,1897,3,0.5
87,2109,2,0.5
87,2113,2,20
87,7950,NA,0.1
87,2278,4,0.1
87,2292,3,0.1
87,2304,2,0.1
87,2408,2,3
87,2418,3,3
87,2459,4,3
87,2467,NA,3
87,2512,4,10
87,2513,3,10
87,2527,4,20
87,2549,3,0.1
87,2556,3,0.5
87,2593,3,0.1
87,2610,2,10
47,87,3,0.1
47,178,4,0.5
47,184,2,3
47,363,4,0.5
47,438,4,0.5
47,892,2,0.1
47,912,2,0.5
47,928,NA,3
47,1049,3,10
47,1056,3,0.5
47,1060,4,0.5
47,1076,2,10
47,1084,NA,3
47,1259,2,0.1
47,1264,2,0.1
47,1355,3,0.1
47,1359,2,0.1
47,1513,3,0.1
47,1533,3,10
47,1583,2,0.5
47,1599,3,3
47,1600,3,0.5
47,1604,2,0.5
47,1655,3,0.5
47,1713,3,0.1
47,1775,3,0.1
47,1828,2,0.1
47,1864,2,0.1
47,1971,3,0.5
47,1987,3,3
47,2109,2,3
47,2113,2,3
47,2123,3,3
47,7950,NA,0.1
47,2163,4,0.5
47,2189,2,3
47,2193,2,3
47,2304,2,0.1
47,2394,2,0.5
47,2408,2,10
47,2418,3,0.5
47,2459,4,0.5
47,2467,NA,3
47,2471,2,0.1
47,2477,2,0.1
47,2490,4,0.1
47,2503,4,0.5
47,2512,4,0.5
47,2513,3,10
47,2593,3,3
47,2610,2,3
47,2775,2,0.1
60,49,3,0.5
60,58,2,0.5
60,63,2,0.1
60,87,3,0.1
60,108,3,0.1
60,109,3,0.5
60,130,4,3
60,161,4,3
60,180,NA,0.5
60,323,2,0.1
60,433,2,0.1
60,473,3,0.1
60,522,4,0.5
60,760,3,3
60,787,3,0.5
60,864,2,0.1
60,912,2,0.1
60,913,2,0.5
60,922,2,3
60,928,NA,3
60,1056,3,0.5
60,1063,3,0.1
60,1072,3,3
60,1076,2,0.5
60,1084,NA,0.5
60,1181,3,0.5
60,1203,2,0.1
60,1217,2,0.1
60,1264,2,0.1
60,1294,4,3
60,1322,4,0.5
60,1432,2,0.1
60,1513,3,0.1
60,1533,3,0.5
60,1583,2,0.5
60,1604,2,0.5
60,1605,3,0.5
60,1775,3,0.1
60,1794,2,0.1
60,1818,2,0.5
60,1898,2,3
60,2007,2,0.1
60,2011,3,10
60,2063,4,0.1
60,2069,3,0.5
60,2113,2,3
60,2123,3,0.1
60,2163,4,0.1
60,2193,2,0.1
60,2201,2,3
60,2415,2,0.5
60,2418,3,3
60,2422,3,0.5
60,2424,2,0.5
60,2430,3,0.1
60,2467,NA,10
60,2492,4,0.5
60,2556,3,10
60,2574,2,0.1
60,2576,4,0.1
60,2586,2,0.1
60,2595,2,0.1
60,2649,4,0.5
9,178,4,0.5
9,363,4,0.1
9,438,4,0.5
9,874,4,0.5
9,1394,4,0.1
9,1463,4,3
9,1513,3,3
9,1599,3,0.5
9,1665,3,0.1
9,1673,4,0.1
9,1713,3,3
9,1825,4,0.5
9,1856,3,0.1
9,7950,NA,0.1
9,2447,2,20
9,2459,4,0.5
9,2460,4,10
9,2467,NA,3
9,2512,4,3
9,2513,3,0.1
9,2523,4,0.5
9,2549,3,3
9,2558,4,67.5
9,2559,4,3
9,2576,4,0.5
9,2600,4,0.5
50,325,4,0.1
50,341,4,0.1
50,362,4,0.1
50,363,4,0.1
50,670,4,0.1
50,1038,3,0.1
50,1056,3,37.5
50,1060,4,10
50,1084,NA,0.5
50,1533,3,3
50,1583,2,0.1
50,1599,3,0.1
50,1601,4,0.1
50,1661,4,0.1
50,1665,3,0.1
50,1673,4,0.1
50,1825,4,0.5
50,1897,3,0.1
50,1971,3,0.5
50,2109,2,0.1
50,7950,NA,0.5
50,2154,4,0.1
50,2176,3,0.1
50,2467,NA,3
50,2505,3,0.1
50,2512,4,3
50,2527,4,0.5
50,2528,4,0.5
50,2549,3,0.1
50,2558,4,0.1
50,2576,4,0.5
50,2614,4,0.1
18,178,4,3
18,234,3,0.1
18,363,4,0.1
18,618,4,0.1
18,877,4,0.1
18,1056,3,20
18,1060,4,3
18,1084,NA,0.5
18,1142,3,0.5
18,1150,3,0.1
18,1513,3,0.1
18,1599,3,0.5
18,1653,2,0.1
18,1655,3,0.5
18,7950,NA,3
18,2181,4,3
18,2189,2,0.5
18,2467,NA,37.5
18,2489,4,0.1
18,2503,4,20
18,2512,4,10
18,2513,3,3
18,2527,4,37.5
18,2558,4,0.5
18,2559,4,10
18,2574,2,10
18,2576,4,0.1
18,2600,4,0.5
18,2719,4,0.1
12,168,4,0.5
12,178,4,0.5
12,248,3,0.5
12,260,5,0.5
12,341,4,3
12,391,4,0.5
12,438,4,0.5
12,515,3,0.1
12,615,4,0.1
12,670,4,0.1
12,761,2,0.1
12,802,3,0.1
12,877,4,0.5
12,916,3,3
12,928,NA,0.5
12,955,3,0.1
12,7952,NA,0.1
12,990,3,0.1
12,1001,3,0.1
12,1060,4,3
12,1143,3,0.1
12,1150,3,0.1
12,1284,4,0.5
12,1287,3,3
12,1326,4,3
12,1477,3,0.1
12,1513,3,0.5
12,1529,3,3
12,1537,5,0.1
12,1547,4,0.5
12,1549,5,0.5
12,1607,3,0.1
12,1655,3,0.5
12,1661,4,0.1
12,1665,3,0.1
12,1825,4,0.1
12,1876,3,0.5
12,1892,3,0.1
12,1897,3,0.1
12,2107,4,0.1
12,7950,NA,3
12,2370,4,0.5
12,2459,4,0.1
12,2467,NA,3
12,2489,4,0.1
12,2497,3,0.1
12,2503,4,37.5
12,2505,3,0.1
12,2512,4,10
12,2513,3,3
12,2523,4,0.5
12,2527,4,20
12,2559,4,20
12,2564,3,0.1
12,2576,4,3
12,2708,3,0.1
100,109,3,0.5
100,189,2,3
100,194,2,0.1
100,325,4,0.1
100,363,4,0.5
100,391,4,0.5
100,395,2,3
100,438,4,0.5
100,511,2,0.5
100,761,2,0.1
100,928,NA,0.5
100,1038,3,0.1
100,1056,3,20
100,1060,4,10
100,1061,2,0.5
100,1084,NA,0.5
100,1259,2,0.1
100,1294,4,10
100,1322,4,3
100,1355,3,3
100,1359,2,0.5
100,1402,3,0.5
100,1484,3,0.5
100,1564,3,0.5
100,1566,2,3
100,1578,2,0.5
100,1599,3,10
100,1600,3,0.1
100,1655,3,0.5
100,1665,3,0.1
100,1713,3,3
100,1714,2,0.5
100,1773,2,0.5
100,1794,2,0.5
100,1856,3,0.5
100,1897,3,3
100,1971,3,3
100,1987,3,3
100,2086,2,3
100,2098,3,0.5
100,2113,2,3
100,2129,3,3
100,7950,NA,10
100,2394,2,0.5
100,2403,3,0.5
100,2467,NA,0.5
100,2503,4,3
100,2512,4,3
100,2513,3,10
100,2527,4,3
100,2559,4,3
100,2564,3,3
100,2574,2,0.5
100,2610,2,0.5
100,2653,3,10
100,2719,4,0.5
103,23,2,0.1
103,45,3,0.5
103,56,3,0.5
103,130,4,0.5
103,180,NA,0.5
103,323,2,0.5
103,433,2,0.5
103,522,4,0.5
103,613,2,0.1
103,736,2,0.5
103,740,2,0.1
103,787,3,0.5
103,788,2,0.5
103,912,2,0.5
103,915,3,0.5
103,922,2,0.5
103,928,NA,3
103,1060,4,0.5
103,1378,3,0.5
103,1379,2,0.1
103,1604,2,0.5
103,1605,3,0.1
103,1660,2,0.5
103,1692,2,0.5
103,1775,3,0.5
103,1828,2,0.5
103,1889,4,0.5
103,1932,2,0.5
103,2007,2,0.5
103,2072,4,10
103,7950,NA,0.5
103,2163,4,0.5
103,2193,2,0.1
103,2302,2,0.5
103,2382,2,0.5
103,2424,2,0.5
103,2467,NA,3
103,2492,4,0.5
103,2546,2,10
103,2556,3,10
103,2578,2,0.5
103,2581,3,3
103,2595,2,0.5
103,2610,2,3
103,2649,4,3
82,178,4,10
82,341,4,0.5
82,363,4,0.1
82,438,4,0.5
82,615,4,0.5
82,670,4,0.1
82,893,4,20
82,1001,3,0.1
82,1056,3,3
82,1069,3,0.5
82,1084,NA,0.1
82,1143,3,0.1
82,1494,4,0.1
82,1529,3,3
82,1533,3,0.1
82,1547,4,0.5
82,1599,3,3
82,1655,3,0.5
82,1665,3,0.5
82,1673,4,3
82,1674,4,3
82,1825,4,0.5
82,1868,3,0.1
82,1897,3,0.1
82,7950,NA,10
82,2181,4,10
82,2443,4,10
82,2452,4,3
82,2503,4,20
82,2505,3,0.1
82,2512,4,0.5
82,2523,4,10
82,2527,4,20
82,2528,4,0.5
82,2549,3,10
82,2558,4,3
82,2559,4,3
82,2610,2,0.5
92,13,3,0.5
92,168,4,10
92,178,4,0.1
92,187,4,0.5
92,363,4,0.1
92,446,5,0.1
92,515,3,0.1
92,615,4,0.1
92,618,4,0.1
92,796,3,0.5
92,877,4,0.5
92,886,3,0.1
92,893,4,10
92,928,NA,0.5
92,1056,3,0.5
92,1060,4,10
92,1142,3,0.1
92,1150,3,0.5
92,1200,4,0.1
92,1239,2,0.1
92,1284,4,0.1
92,1297,3,0.1
92,1513,3,3
92,1529,3,3
92,1533,3,0.5
92,1599,3,0.1
92,1607,3,0.1
92,1655,3,0.1
92,1661,4,0.1
92,1825,4,3
92,2066,3,0.1
92,7950,NA,3
92,2154,4,0.1
92,2176,3,0.1
92,2418,3,0.5
92,2459,4,10
92,2467,NA,10
92,2486,3,3
92,2489,4,0.5
92,2503,4,3
92,2505,3,0.5
92,2512,4,3
92,2527,4,37.5
92,2549,3,0.1
92,2576,4,10
92,2593,3,0.1
98,13,3,0.5
98,108,3,0.1
98,109,3,3
98,178,4,10
98,187,4,3
98,318,3,0.1
98,363,4,0.5
98,425,4,3
98,438,4,0.1
98,522,4,0.1
98,618,4,0.1
98,796,3,0.1
98,862,3,0.1
98,886,3,0.1
98,916,3,0.1
98,928,NA,3
98,1056,3,3
98,1060,4,10
98,1084,NA,0.1
98,1150,3,0.5
98,1284,4,0.1
98,1322,4,0.5
98,1355,3,3
98,1394,4,0.5
98,1533,3,10
98,1583,2,3
98,1596,4,0.5
98,1599,3,3
98,1600,3,10
98,1601,4,0.1
98,1655,3,0.1
98,1661,4,0.1
98,1773,2,0.1
98,1828,2,0.1
98,1897,3,0.5
98,1971,3,0.5
98,1987,3,0.1
98,2073,4,0.1
98,2098,3,0.1
98,2109,2,0.1
98,2123,3,0.1
98,7950,NA,0.5
98,2276,4,0.1
98,2375,2,3
98,2418,3,0.1
98,2426,4,3
98,2459,4,10
98,2467,NA,0.5
98,2477,2,0.1
98,2489,4,0.5
98,2503,4,0.1
98,2512,4,0.5
98,2513,3,3
98,2527,4,0.5
98,2574,2,3
98,2576,4,0.5
98,2610,2,0.1
41,37,2,0.1
41,87,3,0.1
41,178,4,3
41,184,2,10
41,363,4,0.1
41,425,4,67.5
41,433,2,0.1
41,438,4,3
41,892,2,3
41,912,2,3
41,928,NA,0.5
41,1056,3,3
41,1060,4,0.1
41,1084,NA,0.1
41,1294,4,10
41,1604,2,0.5
41,1655,3,0.1
41,1713,3,0.1
41,1773,2,0.5
41,1971,3,0.5
41,1987,3,0.1
41,2007,2,10
41,2109,2,0.1
41,2113,2,0.1
41,2119,2,0.5
41,2123,3,3
41,7950,NA,0.5
41,2163,4,0.5
41,2193,2,0.5
41,2276,4,0.1
41,2303,2,0.5
41,2304,2,0.5
41,2333,3,0.1
41,2375,2,0.1
41,2382,2,3
41,2395,3,0.1
41,2403,3,0.5
41,2467,NA,20
41,2489,4,0.1
41,2503,4,0.5
41,2513,3,0.5
41,2546,2,0.5
41,2556,3,0.1
41,2574,2,20
41,2595,2,3
41,2600,4,0.1
41,2610,2,20
41,2704,2,0.1
41,2719,4,3
1,87,3,0.1
1,109,3,87.5
1,178,4,0.5
1,347,3,0.1
1,425,4,10
1,438,4,0.1
1,473,3,10
1,618,4,0.5
1,760,3,0.5
1,789,3,0.1
1,876,4,10
1,892,2,0.5
1,928,NA,10
1,1056,3,0.1
1,1142,3,0.1
1,1150,3,0.5
1,1294,4,67.5
1,1414,3,0.1
1,1513,3,0.1
1,1653,2,0.1
1,1655,3,0.5
1,1661,4,0.1
1,1713,3,0.1
1,1769,4,0.5
1,1773,2,0.1
1,1793,3,0.5
1,1807,2,0.5
1,1828,2,0.1
1,1830,3,0.5
1,1860,3,3
1,2394,2,0.1
1,2403,3,0.1
1,2467,NA,37.5
1,2492,4,0.1
1,2512,4,0.5
1,2556,3,3
1,2564,3,0.5
1,2574,2,37.5
1,2610,2,0.5
1,2719,4,3
26,144,3,3
26,178,4,3
26,184,2,0.1
26,189,2,0.1
26,363,4,0.5
26,469,3,0.1
26,870,3,0.1
26,872,2,3
26,892,2,0.5
26,916,3,0.5
26,928,NA,0.5
26,1056,3,10
26,1060,4,20
26,1084,NA,0.5
26,1142,3,0.5
26,1150,3,0.5
26,1268,2,0.5
26,1359,2,0.1
26,1391,2,0.5
26,1533,3,3
26,1564,3,3
26,1583,2,3
26,1599,3,3
26,1600,3,3
26,1601,4,0.5
26,1655,3,0.5
26,1661,4,0.5
26,1825,4,3
26,1987,3,0.5
26,2032,3,0.1
26,2066,3,0.5
26,2109,2,3
26,2113,2,0.5
26,2129,3,0.5
26,7950,NA,10
26,2193,2,3
26,2304,2,0.5
26,2394,2,3
26,2398,2,0.5
26,2447,2,10
26,2459,4,3
26,2467,NA,10
26,2471,2,0.5
26,2486,3,3
26,2505,3,0.1
26,2512,4,0.1
26,2513,3,10
26,2527,4,0.1
26,2549,3,3
26,2558,4,0.1
26,2574,2,20
26,2593,3,0.5
26,2610,2,10
26,2719,4,0.1
49,168,4,0.5
49,178,4,3
49,189,2,0.1
49,234,3,0.1
49,363,4,0.1
49,438,4,0.1
49,761,2,0.1
49,928,NA,3
49,1056,3,10
49,1060,4,3
49,1150,3,3
49,1599,3,0.1
49,1600,3,3
49,1601,4,0.1
49,1655,3,0.1
49,1825,4,0.1
49,1830,3,3
49,1897,3,0.5
49,1971,3,0.5
49,2123,3,0.5
49,7950,NA,10
49,2304,2,0.1
49,2447,2,3
49,2459,4,10
49,2467,NA,3
49,2489,4,0.1
49,2503,4,0.5
49,2505,3,20
49,2512,4,10
49,2513,3,3
49,2527,4,10
49,2564,3,20
49,2574,2,3
49,2593,3,3
5,109,3,3
5,178,4,0.5
5,184,2,0.5
5,347,3,0.5
5,363,4,0.5
5,367,3,3
5,473,3,3
5,515,3,0.5
5,630,2,0.5
5,872,2,10
5,892,2,0.1
5,912,2,3
5,922,2,0.5
5,928,NA,3
5,984,3,0.1
5,1038,3,0.1
5,1060,4,0.5
5,1084,NA,0.5
5,1236,2,3
5,1239,2,3
5,1276,3,0.1
5,1313,2,0.1
5,1414,3,3
5,1513,3,0.5
5,1533,3,3
5,1578,2,3
5,1583,2,0.5
5,1599,3,3
5,1600,3,3
5,1653,2,3
5,1655,3,3
5,1716,2,3
5,1721,2,0.5
5,1773,2,0.5
5,1818,2,0.5
5,1864,2,3
5,1987,3,0.5
5,2007,2,0.1
5,7950,NA,0.5
5,2175,4,3
5,2178,3,0.5
5,2189,2,0.5
5,2201,2,3
5,2303,2,0.5
5,2304,2,0.5
5,2408,2,3
5,2424,2,0.5
5,2467,NA,10
5,2471,2,0.5
5,2477,2,0.5
5,2489,4,0.5
5,2503,4,0.1
5,2512,4,3
5,2513,3,3
5,2527,4,0.1
5,2574,2,3
5,2610,2,0.5
5,2719,4,0.1
5,2775,2,0.1
5,1056,3,3
5,2058,3,3
84,178,4,3
84,187,4,3
84,323,2,0.1
84,363,4,0.1
84,446,5,10
84,892,2,0.5
84,928,NA,10
84,1056,3,0.1
84,1060,4,10
84,1084,NA,0.1
84,1355,3,0.5
84,1513,3,0.1
84,1533,3,0.5
84,1583,2,0.1
84,1599,3,0.1
84,1601,4,3
84,1605,3,0.5
84,1653,2,0.1
84,1655,3,0.1
84,1661,4,0.5
84,1775,3,0.1
84,2113,2,0.5
84,2123,3,0.5
84,7950,NA,0.5
84,2193,2,0.5
84,2426,4,0.5
84,2459,4,10
84,2460,4,0.5
84,2467,NA,0.1
84,2490,4,10
84,2492,4,0.1
84,2503,4,0.5
84,2505,3,3
84,2546,2,0.5
84,2556,3,10
84,2574,2,10
84,2595,2,0.5
83,43,3,3
83,55,3,3
83,63,2,0.1
83,87,3,10
83,130,4,3
83,161,4,10
83,180,NA,0.1
83,187,4,0.1
83,345,3,3
83,363,4,0.1
83,391,4,0.5
83,425,4,3
83,438,4,3
83,446,5,3
83,522,4,0.1
83,7248,NA,0.1
83,740,2,0.5
83,760,3,0.5
83,796,3,20
83,850,4,3
83,862,3,10
83,876,4,3
83,916,3,3
83,922,2,3
83,928,NA,10
83,968,4,3
83,984,3,3
83,1060,4,0.1
83,1150,3,0.1
83,1193,4,0.1
83,1276,3,0.1
83,1294,4,3
83,1313,2,0.5
83,1477,3,0.1
83,1513,3,3
83,1533,3,0.1
83,1655,3,0.5
83,1661,4,0.1
83,1793,3,0.5
83,1971,3,0.1
83,2020,5,10
83,2066,3,0.1
83,7950,NA,0.5
83,2163,4,3
83,2179,3,3
83,2201,2,3
83,2297,1,0.1
83,2375,2,0.5
83,2418,3,0.5
83,2459,4,10
83,2467,NA,10
83,2503,4,3
83,2512,4,10
83,2527,4,0.1
83,2576,4,10
83,2610,2,3
83,2649,4,0.5
83,2708,3,0.5
83,1056,3,0.1
83,1284,4,0.5
45,144,3,0.5
45,168,4,0.5
45,178,4,3
45,347,3,0.1
45,363,4,0.1
45,469,3,0.5
45,473,3,0.1
45,618,4,0.1
45,868,4,20
45,886,3,0.1
45,890,4,3
45,893,4,0.5
45,916,3,0.1
45,970,4,3
45,7952,NA,67.5
45,1056,3,3
45,1060,4,3
45,1142,3,0.5
45,1143,3,0.5
45,1150,3,0.5
45,1249,3,0.1
45,1513,3,0.5
45,1529,3,3
45,1599,3,10
45,1607,3,0.1
45,1655,3,0.1
45,1661,4,0.5
45,1674,4,0.5
45,1825,4,3
45,1876,3,0.5
45,7950,NA,3
45,2418,3,0.1
45,2426,4,10
45,2459,4,10
45,2467,NA,20
45,2484,3,0.5
45,2503,4,20
45,2505,3,0.5
45,2512,4,20
45,2513,3,37.5
45,2523,4,10
45,2525,4,3
45,2527,4,10
45,2528,4,3
45,2549,3,3
45,2558,4,0.5
45,2574,2,3
45,2576,4,3
45,2577,3,0.5
45,2593,3,0.5
45,2600,4,0.5
45,2610,2,3
52,37,2,0.5
52,81,2,0.5
52,87,3,0.5
52,109,3,0.5
52,184,2,3
52,433,2,0.5
52,438,4,0.5
52,473,3,0.5
52,493,2,0.5
52,562,3,0.5
52,738,2,10
52,739,2,3
52,740,2,20
52,796,3,3
52,892,2,10
52,912,2,3
52,928,NA,3
52,1084,NA,0.1
52,1268,2,3
52,1513,3,0.5
52,1533,3,0.5
52,1534,2,3
52,1583,2,0.1
52,1599,3,0.5
52,1604,2,0.5
52,1653,2,0.5
52,1655,3,0.5
52,1768,2,0.5
52,1825,4,0.1
52,1828,2,0.1
52,1926,2,0.5
52,1987,3,0.1
52,2007,2,3
52,2109,2,0.1
52,2113,2,10
52,2123,3,0.1
52,7950,NA,0.1
52,2163,4,3
52,2189,2,3
52,2193,2,3
52,2201,2,3
52,2276,4,3
52,2303,2,0.5
52,2304,2,0.5
52,2394,2,0.1
52,2395,3,3
52,2403,3,10
52,2408,2,0.5
52,2410,2,0.1
52,2418,3,0.5
52,2467,NA,10
52,2477,2,0.5
52,2546,2,67.5
52,2555,2,3
52,2556,3,0.5
52,2567,2,3
52,2574,2,20
52,2610,2,37.5
52,2719,4,0.1
52,2775,2,0.1
38,13,3,3
38,21,2,3
38,55,3,0.1
38,108,3,10
38,178,4,0.5
38,184,2,0.1
38,187,4,0.5
38,318,3,0.1
38,341,4,0.1
38,363,4,0.5
38,438,4,3
38,446,5,0.5
38,614,3,0.1
38,760,3,0.5
38,761,2,0.5
38,796,3,0.5
38,892,2,0.5
38,916,3,0.5
38,928,NA,0.5
38,1038,3,3
38,1056,3,0.5
38,1060,4,0.5
38,1084,NA,3
38,1193,4,0.5
38,1200,4,0.5
38,1259,2,0.1
38,1276,3,0.1
38,1322,4,3
38,1355,3,0.5
38,1480,4,0.5
38,1513,3,0.5
38,1529,3,0.1
38,1533,3,0.1
38,1534,2,0.5
38,1537,5,0.1
38,1583,2,0.1
38,1595,4,0.5
38,1599,3,3
38,1600,3,0.1
38,1601,4,0.5
38,1650,4,0.5
38,1655,3,3
38,1812,2,0.5
38,1825,4,0.5
38,1828,2,0.5
38,1873,3,37.5
38,1897,3,3
38,2011,3,3
38,2066,3,20
38,2098,3,0.1
38,2113,2,3
38,2123,3,0.5
38,7950,NA,0.5
38,2276,4,37.5
38,2278,4,0.5
38,2304,2,0.1
38,2382,2,3
38,2403,3,0.1
38,2408,2,10
38,2410,2,10
38,2426,4,20
38,2459,4,20
38,2460,4,3
38,2467,NA,10
38,2477,2,3
38,2479,4,0.1
38,2503,4,10
38,2512,4,0.5
38,2513,3,3
38,2574,2,3
38,2576,4,3
38,2577,3,0.5
38,2610,2,10
38,2653,3,3
27,161,4,3
27,178,4,0.5
27,184,2,0.5
27,391,4,3
27,439,4,3
27,912,2,0.1
27,1060,4,3
27,1084,NA,0.1
27,1294,4,10
27,1355,3,0.5
27,1513,3,0.5
27,1533,3,0.5
27,1599,3,3
27,1653,2,0.5
27,1655,3,3
27,1661,4,0.5
27,2113,2,0.5
27,2123,3,3
27,7950,NA,0.5
27,2193,2,0.1
27,2403,3,0.1
27,2459,4,10
27,2467,NA,3
27,2492,4,0.1
27,2512,4,3
27,2513,3,37.5
27,2574,2,3
27,2595,2,3
27,2610,2,3
27,363,4,0.5
27,928,NA,37.5
27,1056,3,0.5
27,2503,4,0.1
24,161,4,0.5
24,178,4,3
24,184,2,3
24,347,3,0.5
24,391,4,0.5
24,425,4,0.5
24,439,4,10
24,454,5,20
24,473,3,0.1
24,760,3,0.5
24,912,2,0.1
24,1060,4,20
24,1199,4,0.1
24,1294,4,0.5
24,1355,3,3
24,1394,4,0.5
24,1513,3,0.5
24,1533,3,0.5
24,1583,2,3
24,1604,2,0.5
24,1655,3,3
24,1661,4,0.1
24,1769,4,0.1
24,1775,3,0.1
24,1793,3,0.5
24,1928,2,0.1
24,2113,2,3
24,2123,3,3
24,7950,NA,10
24,2193,2,0.5
24,2459,4,10
24,2467,NA,3
24,2492,4,0.1
24,2512,4,0.5
24,2546,2,0.5
24,2574,2,20
24,2595,2,0.5
24,2649,4,10
24,928,NA,20
24,1056,3,10
24,1322,4,3
24,1987,3,0.1
24,2503,4,0.1
24,2505,3,0.1
59,21,2,0.5
59,87,3,0.1
59,108,3,0.1
59,109,3,0.5
59,178,4,3
59,180,NA,0.5
59,760,3,0.5
59,787,3,0.1
59,864,2,0.5
59,872,2,3
59,874,4,0.1
59,892,2,10
59,922,2,0.1
59,928,NA,0.5
59,984,3,0.1
59,1056,3,3
59,1061,2,0.5
59,1084,NA,0.5
59,1091,2,3
59,1264,2,0.1
59,1316,3,0.5
59,1357,4,0.1
59,1419,3,0.5
59,1513,3,0.1
59,1533,3,3
59,1534,2,0.1
59,1583,2,0.1
59,1599,3,3
59,1600,3,3
59,1604,2,0.1
59,1690,3,0.5
59,1759,2,10
59,1828,2,0.1
59,1865,2,0.5
59,1987,3,0.5
59,2069,3,3
59,2073,4,0.5
59,2098,3,0.1
59,2113,2,3
59,7950,NA,0.5
59,2350,2,10
59,2394,2,3
59,2398,2,0.1
59,2408,2,3
59,2410,2,10
59,2422,3,3
59,2424,2,3
59,2427,2,0.1
59,2477,2,0.5
59,2512,4,0.5
59,2519,2,0.5
59,2533,2,10
59,2546,2,10
59,2574,2,3
59,2610,2,3
59,2646,2,0.1
59,2653,3,3
59,2659,3,0.1
59,2680,3,3
59,2719,4,3
59,2751,3,0.5
59,2759,3,0.1
59,2777,3,0.1
59,2798,3,0.1
54,144,3,3
54,178,4,0.5
54,363,4,0.1
54,438,4,0.5
54,515,3,0.1
54,618,4,0.1
54,796,3,3
54,928,NA,3
54,1056,3,3
54,1060,4,0.5
54,1069,3,0.1
54,1084,NA,0.5
54,1394,4,0.5
54,1513,3,10
54,1533,3,0.5
54,1599,3,3
54,1653,2,0.5
54,1655,3,3
54,1769,4,10
54,1825,4,3
54,1971,3,0.5
54,1987,3,10
54,2109,2,10
54,2181,4,3
54,2304,2,0.5
54,2467,NA,3
54,2549,3,3
54,2558,4,10
54,2559,4,10
54,2574,2,20
54,2593,3,10
54,2610,2,3
57,180,NA,0.5
57,485,1,0.1
57,504,1,0.5
57,738,2,3
57,740,2,0.1
57,892,2,3
57,912,2,0.5
57,1056,3,0.1
57,1084,NA,0.1
57,7404,NA,0.5
57,1768,2,0.1
57,2113,2,0.1
57,2193,2,3
57,2201,2,0.1
57,2272,2,20
57,2276,4,3
57,2304,2,0.1
57,2314,1,0.1
57,2317,2,3
57,2375,2,0.1
57,2377,2,20
57,2382,2,10
57,2403,3,0.5
57,2430,3,0.5
57,2467,NA,3
57,2533,2,3
57,2546,2,10
57,2574,2,3
57,2610,2,3
21,178,4,3
21,187,4,0.5
21,341,4,0.1
21,347,3,0.1
21,363,4,0.5
21,438,4,0.1
21,872,2,0.5
21,876,4,0.1
21,928,NA,3
21,1038,3,0.5
21,1040,3,0.5
21,1056,3,3
21,1060,4,3
21,1084,NA,0.1
21,1150,3,3
21,1287,3,0.1
21,1355,3,0.5
21,1357,4,3
21,1533,3,3
21,1537,5,0.1
21,1556,4,0.1
21,1596,4,0.5
21,1599,3,3
21,1601,4,0.5
21,1655,3,0.5
21,1830,3,0.5
21,1897,3,0.5
21,1971,3,3
21,1987,3,0.1
21,2063,4,0.1
21,2066,3,0.5
21,2073,4,0.1
21,2098,3,0.5
21,2113,2,10
21,2123,3,0.5
21,2129,3,0.1
21,7950,NA,3
21,2181,4,0.5
21,2459,4,20
21,2467,NA,10
21,2477,2,0.5
21,2512,4,3
21,2513,3,3
21,2527,4,10
21,2549,3,3
21,2559,4,0.5
21,2574,2,0.1
21,2576,4,3
21,2593,3,3
21,2610,2,0.5
21,2719,4,0.1
90,23,2,0.5
90,94,2,3
90,180,NA,0.5
90,191,3,3
90,367,3,0.5
90,395,2,0.5
90,406,2,0.5
90,445,2,3
90,473,3,0.5
90,522,4,0.5
90,613,2,0.5
90,736,2,3
90,740,2,3
90,787,3,0.5
90,826,2,0.5
90,827,2,0.5
90,878,2,0.5
90,912,2,0.5
90,913,2,0.5
90,928,NA,3
90,1056,3,0.5
90,1060,4,0.5
90,1066,2,0.5
90,1084,NA,0.5
90,1091,2,0.5
90,1217,2,0.5
90,1239,2,0.5
90,1294,4,0.5
90,1317,2,0.5
90,1322,4,3
90,1378,3,0.5
90,1385,4,20
90,1404,2,0.5
90,1423,2,0.5
90,1479,3,0.5
90,1515,2,0.5
90,1537,5,0.1
90,1583,2,0.5
90,1655,3,0.5
90,1684,2,0.1
90,1716,2,0.5
90,1768,2,0.5
90,1775,3,0.5
90,1785,2,0.5
90,1788,2,0.5
90,1791,2,0.5
90,1828,2,0.5
90,1865,2,0.5
90,1892,3,0.5
90,1968,2,0.1
90,1971,3,0.5
90,2007,2,0.5
90,2012,2,0.5
90,2045,2,0.5
90,2058,3,0.5
90,2189,2,3
90,2193,2,0.5
90,2201,2,0.5
90,2280,2,3
90,2299,2,0.5
90,2415,2,0.5
90,2424,2,0.5
90,2467,NA,10
90,2492,4,0.5
90,2546,2,20
90,2555,2,0.5
90,2556,3,3
90,2566,2,0.5
90,2574,2,0.5
90,2595,2,0.5
90,2610,2,0.5
90,2649,4,0.5
90,2719,4,0.5
90,2746,2,0.5
75,189,2,0.1
75,347,3,0.5
75,395,2,3
75,438,4,0.1
75,454,5,0.1
75,1060,4,10
75,1142,3,0.1
75,1150,3,0.5
75,1294,4,0.5
75,1326,4,0.5
75,1359,2,3
75,1394,4,3
75,1578,2,0.1
75,1599,3,3
75,1601,4,0.1
75,1655,3,3
75,1665,3,0.5
75,1769,4,3
75,1791,2,0.5
75,1807,2,0.5
75,1971,3,10
75,2113,2,0.5
75,7950,NA,10
75,2180,3,3
75,2398,2,0.1
75,2459,4,3
75,2467,NA,20
75,2486,3,0.5
75,2505,3,10
75,2512,4,10
75,2527,4,10
75,2558,4,3
75,2559,4,3
75,2564,3,3
75,2719,4,0.1
75,363,4,0.1
75,525,3,0.5
75,761,2,0.5
75,928,NA,3
75,1056,3,3
75,2471,2,0.5
75,2593,3,0.5
102,168,4,0.5
102,178,4,0.5
102,187,4,0.1
102,341,4,0.1
102,363,4,0.1
102,422,4,0.1
102,618,4,0.1
102,796,3,0.5
102,877,4,0.1
102,928,NA,0.1
102,1056,3,0.5
102,1060,4,3
102,1142,3,0.1
102,1599,3,3
102,1601,4,0.1
102,1897,3,0.1
102,7950,NA,10
102,2467,NA,3
102,2489,4,3
102,2503,4,3
102,2505,3,0.1
102,2512,4,0.5
102,2523,4,0.1
102,2527,4,67.5
102,2549,3,3
102,2559,4,0.1
102,2576,4,3
102,2593,3,0.5
102,2600,4,0.5
102,2610,2,3
63,178,4,0.1
63,493,2,0.1
63,872,2,0.5
63,877,4,0.1
63,955,3,0.1
63,1001,3,37.5
63,1034,2,0.1
63,1061,2,0.1
63,1084,NA,0.1
63,1091,2,0.1
63,1120,2,0.1
63,1128,3,0.1
63,1143,3,0.1
63,1150,3,0.1
63,1213,3,0.5
63,1249,3,0.5
63,1277,3,0.1
63,1278,3,0.5
63,1314,3,0.5
63,1607,3,0.1
63,1609,3,3
63,1814,5,0.1
63,1837,2,0.5
63,2113,2,0.1
63,2398,2,0.1
63,2408,2,3
63,2447,2,37.5
63,2467,NA,10
63,2486,3,20
63,2503,4,0.1
63,2512,4,3
63,2558,4,10
63,2576,4,3
58,7287,NA,0.1
58,325,4,0.1
58,341,4,0.1
58,363,4,0.1
58,422,4,0.1
58,446,5,0.1
58,670,4,0.1
58,893,4,20
58,1049,3,0.5
58,1056,3,0.1
58,1060,4,0.5
58,1287,3,0.1
58,1300,3,3
58,1529,3,67.5
58,1661,4,0.1
58,1971,3,0.1
58,2109,2,3
58,7950,NA,0.1
58,2154,4,0.1
58,2155,4,0.5
58,2176,3,0.5
58,2447,2,3
58,2452,4,0.1
58,2459,4,0.5
58,2467,NA,0.5
58,2503,4,0.1
58,2505,3,3
58,2512,4,0.1
58,2527,4,37.5
58,2549,3,3
58,2593,3,20
58,2619,4,3
105,144,3,0.5
93,168,4,0.1
105,168,4,3
93,178,4,10
105,178,4,3
105,425,4,10
93,438,4,0.5
105,439,4,10
93,618,4,0.5
105,618,4,0.5
93,760,3,0.1
105,760,3,0.5
93,1006,3,0.1
93,1056,3,10
105,1056,3,10
93,1060,4,20
105,1060,4,20
105,1294,4,10
93,1326,4,0.5
93,1361,4,0.5
93,1394,4,3
93,1513,3,0.1
105,1513,3,3
93,1599,3,3
105,1599,3,3
93,1655,3,0.5
105,1655,3,0.1
105,1661,4,0.1
93,1665,3,0.1
105,1713,3,0.1
93,1897,3,3
93,7950,NA,20
105,7950,NA,3
105,2179,3,0.5
105,2303,2,0.1
93,2452,4,0.5
93,2467,NA,3
105,2467,NA,10
93,2503,4,10
105,2503,4,10
93,2512,4,10
105,2512,4,20
93,2527,4,10
105,2527,4,3
93,2528,4,10
105,2528,4,10
93,2549,3,3
105,2558,4,0.5
93,2559,4,10
105,2559,4,3
93,2574,2,0.1
105,2576,4,3
105,2610,2,10
105,2719,4,0.1
93,928,NA,0.5
105,928,NA,3
93,363,4,0.1
105,363,4,0.5
93,2505,3,3
105,2593,3,0.1
93,2610,2,3
8,1971,3,0.5
23,2574,2,10
8,2574,2,0.5
3,2574,2,0.5
8,1513,3,3
3,1513,3,0.5
23,928,NA,10
8,922,2,0.5
8,928,NA,10
3,928,NA,10
23,2610,2,0.5
8,2610,2,0.1
3,2610,2,0.5
8,1076,2,0.1
8,630,2,0.5
8,1897,3,0.5
23,1769,4,3
23,1773,2,0.1
8,1773,2,0.1
8,2424,2,0.1
3,2408,2,0.1
8,1355,3,0.5
3,1355,3,10
23,363,4,0.5
8,363,4,3
3,363,4,0.5
23,1322,4,10
8,2064,4,0.5
8,2069,3,0.5
23,2654,3,3
23,2163,4,0.5
23,2175,4,10
8,2178,3,0.5
3,2178,3,0.5
23,2719,4,0.5
8,2719,4,0.5
3,2719,4,0.1
8,2513,3,3
3,2513,3,10
23,2512,4,0.5
8,2512,4,10
3,2512,4,10
23,2775,2,0.5
23,7404,NA,0.5
8,234,3,0.5
23,2467,NA,10
8,2467,NA,3
8,2471,2,0.5
3,2459,4,20
3,2467,NA,20
8,916,3,0.5
8,1818,2,0.1
8,1414,3,0.5
23,1294,4,3
23,2564,3,0.5
8,2564,3,0.5
23,1394,4,3
8,2189,2,0.5
8,2193,2,0.5
8,2201,2,0.1
3,2193,2,0.5
23,2007,2,0.5
23,2113,2,3
23,1987,3,0.5
8,1987,3,0.5
3,1987,3,3
23,2751,3,0.5
3,2527,4,3
23,1084,NA,0.1
8,1084,NA,0.1
3,1084,NA,0.1
23,2303,2,10
3,2304,2,0.5
23,2704,2,0.5
3,1980,4,0.5
3,1038,3,0.1
23,1721,2,0.5
8,336,3,0.5
23,2546,2,0.5
23,2659,3,0.1
23,1793,3,0.5
8,1794,2,0.5
23,87,3,0.5
8,87,3,0.1
3,87,3,0.1
8,1359,2,0.5
23,1599,3,0.5
23,1605,3,0.5
8,1599,3,3
8,1600,3,0.5
8,1601,4,3
3,1599,3,0.5
3,1600,3,0.5
8,2492,4,3
8,2503,4,20
8,2505,3,0.5
3,2503,4,10
3,2505,3,0.5
23,425,4,3
8,422,4,0.1
3,422,4,0.5
23,892,2,0.5
23,912,2,0.5
8,892,2,0.5
8,913,2,0.5
3,913,2,0.1
3,761,2,0.1
23,1533,3,0.5
8,1533,3,10
3,1533,3,0.5
23,178,4,3
23,180,NA,0.5
23,184,2,3
8,178,4,3
8,180,NA,0.5
3,178,4,10
23,1714,2,0.5
23,438,4,0.5
8,438,4,0.5
8,439,4,0.5
3,438,4,3
23,323,2,0.1
8,872,2,0.5
3,872,2,0.1
23,395,2,0.1
23,787,3,0.5
8,341,4,3
23,7950,NA,0.5
8,7950,NA,3
3,7950,NA,0.5
23,1583,2,0.5
8,1583,2,0.5
23,1056,3,10
23,1060,4,0.5
23,1072,3,0.5
8,1056,3,0.5
8,1060,4,10
8,1061,2,0.1
3,1056,3,0.5
3,1060,4,0.5
23,2559,4,3
23,109,3,10
23,740,2,0.5
23,2649,4,10
23,1655,3,0.5
8,1653,2,0.5
8,1655,3,3
3,1655,3,10
3,1661,4,3
23,522,4,0.5
74,75,2,0.1
74,144,3,3
74,178,4,0.5
74,187,4,0.1
74,363,4,0.1
74,391,4,0.5
74,438,4,0.1
74,469,3,0.1
74,618,4,0.1
74,630,2,0.1
74,868,4,20
74,886,3,0.1
74,928,NA,0.5
74,1038,3,0.1
74,1142,3,3
74,1150,3,0.5
74,1276,3,0.1
74,1284,4,0.1
74,1294,4,10
74,1513,3,10
74,1529,3,3
74,1537,5,0.1
74,1578,2,3
74,1607,3,0.1
74,1655,3,3
74,1674,4,0.1
74,1856,3,0.5
74,1971,3,0.1
74,2073,4,10
74,2107,4,0.5
74,7950,NA,0.1
74,2304,2,0.1
74,2398,2,0.5
74,2418,3,0.1
74,2447,2,10
74,2459,4,0.5
74,2467,NA,10
74,2505,3,0.5
74,2512,4,3
74,2523,4,0.1
74,2549,3,0.5
74,2558,4,10
74,2559,4,3
74,2564,3,3
74,2574,2,0.1
74,2593,3,0.1
74,1056,3,0.5
74,1825,4,3
74,2610,2,0.5
79,178,4,0.5
79,187,4,0.5
79,341,4,0.1
79,363,4,0.1
79,391,4,0.1
79,395,2,0.1
79,422,4,0.1
79,438,4,0.1
79,928,NA,3
79,1038,3,0.1
79,1056,3,0.1
79,1060,4,3
79,1084,NA,0.1
79,1294,4,0.1
79,1326,4,0.1
79,1355,3,3
79,1394,4,0.5
79,1513,3,10
79,1533,3,0.5
79,1599,3,0.1
79,1600,3,0.1
79,1601,4,0.5
79,1655,3,0.1
79,1661,4,0.5
79,1897,3,0.1
79,1971,3,0.5
79,1987,3,0.5
79,2123,3,0.1
79,7950,NA,10
79,2418,3,0.1
79,2459,4,0.1
79,2467,NA,0.5
79,2503,4,3
79,2505,3,20
79,2512,4,20
79,2523,4,10
79,2527,4,10
79,2559,4,0.1
79,2593,3,0.1
79,1825,4,0.1
81,55,3,0.1
81,168,4,0.1
81,178,4,0.1
81,180,NA,0.1
81,187,4,0.1
81,260,5,0.5
81,323,2,0.1
81,363,4,0.5
81,446,5,3
81,7248,NA,0.1
81,618,4,0.1
81,760,3,0.5
81,787,3,0.1
81,796,3,10
81,850,4,0.5
81,862,3,0.5
81,913,2,0.1
81,916,3,0.1
81,928,NA,20
81,1056,3,0.1
81,1060,4,0.5
81,1084,NA,0.1
81,1276,3,0.1
81,1313,2,0.5
81,1322,4,0.5
81,1513,3,0.5
81,1533,3,0.5
81,1601,4,0.1
81,1605,3,0.1
81,1655,3,0.5
81,1661,4,0.5
81,1793,3,0.1
81,1818,2,0.5
81,1897,3,0.1
81,2020,5,0.5
81,7950,NA,10
81,2163,4,3
81,2418,3,0.1
81,2459,4,37.5
81,2467,NA,3
81,2503,4,0.5
81,2505,3,0.5
81,2512,4,0.5
81,2513,3,0.1
81,2574,2,10
81,2576,4,3
81,2595,2,3
81,2610,2,0.5
81,2719,4,0.1
73,178,4,3
73,184,2,0.1
73,325,4,0.5
73,341,4,0.5
73,363,4,0.1
73,422,4,3
73,438,4,0.5
73,446,5,0.5
73,483,5,0.5
73,670,4,0.5
73,796,3,0.1
73,814,3,0.1
73,821,2,0.5
73,893,4,0.1
73,928,NA,0.5
73,1038,3,0.1
73,1056,3,10
73,1060,4,10
73,1084,NA,0.5
73,1142,3,0.1
73,1301,4,0.5
73,1513,3,0.1
73,1529,3,0.5
73,1547,4,0.5
73,1599,3,10
73,1655,3,0.5
73,1656,4,3
73,1665,3,0.1
73,1673,4,0.1
73,1674,4,0.1
73,7950,NA,3
73,2155,4,0.1
73,2176,3,0.1
73,2398,2,0.1
73,2452,4,20
73,2467,NA,0.5
73,2503,4,0.5
73,2505,3,10
73,2512,4,37.5
73,2527,4,20
73,2528,4,3
73,2559,4,0.1
73,2610,2,20
66,168,4,0.5
66,178,4,0.5
66,184,2,0.5
66,187,4,0.5
66,341,4,3
66,362,4,3
66,438,4,3
66,446,5,3
66,469,3,0.1
66,615,4,0.1
66,877,4,0.1
66,893,4,0.5
66,916,3,0.5
66,928,NA,0.5
66,1038,3,0.1
66,1056,3,3
66,1060,4,10
66,1150,3,0.5
66,1297,3,0.5
66,1378,3,0.1
66,1513,3,0.5
66,1533,3,3
66,1555,4,0.5
66,1596,4,37.5
66,1599,3,0.5
66,1600,3,0.1
66,1601,4,3
66,1655,3,0.5
66,1673,4,0.1
66,1825,4,0.1
66,1897,3,0.5
66,1987,3,0.1
66,2063,4,0.5
66,2109,2,3
66,2113,2,0.5
66,7950,NA,0.5
66,2181,4,0.1
66,2304,2,0.1
66,2418,3,0.1
66,2426,4,0.5
66,2467,NA,10
66,2489,4,0.1
66,2503,4,10
66,2505,3,3
66,2512,4,3
66,2513,3,3
66,2527,4,20
66,2528,4,0.5
66,2549,3,37.5
66,2556,3,3
66,2564,3,0.5
66,2576,4,10
66,2593,3,0.1
66,2610,2,3
48,144,3,3
48,168,4,0.5
48,178,4,0.5
48,425,4,0.5
48,438,4,3
48,760,3,0.5
48,796,3,3
48,868,4,10
48,886,3,0.5
48,928,NA,0.5
48,1060,4,0.1
48,1128,3,3
48,1142,3,0.5
48,1150,3,0.5
48,1294,4,0.5
48,1529,3,0.1
48,1599,3,0.5
48,1655,3,0.5
48,1674,4,0.1
48,1825,4,10
48,2181,4,0.5
48,2467,NA,37.5
48,2512,4,10
48,2549,3,20
48,2558,4,10
48,2600,4,10
48,2610,2,20
46,178,4,3
46,189,2,3
46,363,4,0.1
46,438,4,0.5
46,473,3,0.1
46,892,2,0.1
46,928,NA,0.5
46,1056,3,10
46,1060,4,10
46,1084,NA,0.1
46,1294,4,3
46,1322,4,3
46,1355,3,0.5
46,1357,4,0.1
46,1394,4,10
46,1529,3,0.1
46,1533,3,0.1
46,1599,3,10
46,1897,3,0.1
46,1971,3,0.1
46,2098,3,0.1
46,2109,2,3
46,2113,2,3
46,2123,3,3
46,7950,NA,0.5
46,2276,4,0.1
46,2403,3,0.5
46,2408,2,0.1
46,2418,3,3
46,2459,4,37.5
46,2467,NA,20
46,2512,4,10
46,2513,3,20
46,2527,4,0.5
46,2546,2,3
46,2549,3,0.5
46,2574,2,10
46,2610,2,20
17,144,3,0.5
17,168,4,0.5
17,176,3,0.5
17,178,4,10
17,363,4,3
17,422,4,0.1
17,425,4,3
17,438,4,0.5
17,446,5,0.5
17,618,4,0.1
17,760,3,3
17,877,4,0.1
17,1060,4,20
17,1326,4,10
17,1361,4,10
17,1394,4,0.5
17,1478,4,10
17,1599,3,0.5
17,1655,3,0.5
17,1661,4,0.5
17,1665,3,0.1
17,7950,NA,3
17,2181,4,3
17,2452,4,37.5
17,2512,4,20
17,2513,3,3
17,2527,4,37.5
17,2549,3,0.5
17,2559,4,37.5
17,2574,2,10
17,2576,4,0.5
17,2600,4,10
17,341,4,0.5
17,928,NA,3
17,2503,4,37.5
17,2505,3,0.5
17,2610,2,0.5
22,178,4,0.5
22,189,2,10
22,422,4,0.1
22,813,2,0.5
22,1038,3,0.5
22,1060,4,3
22,1084,NA,0.1
22,1091,2,0.5
22,1355,3,10
22,1533,3,0.5
22,1599,3,10
22,1600,3,3
22,1653,2,0.1
22,1655,3,0.1
22,1665,3,0.1
22,1864,2,0.5
22,1897,3,3
22,1971,3,20
22,1987,3,0.1
22,2045,2,0.5
22,2123,3,37.5
22,7950,NA,3
22,2181,4,0.5
22,2193,2,0.5
22,2467,NA,3
22,2512,4,10
22,2513,3,67.5
22,2527,4,67.5
22,2574,2,10
22,2576,4,0.5
22,325,4,0.5
22,363,4,0.1
22,928,NA,10
22,1056,3,10
22,1601,4,3
22,1661,4,0.1
22,2189,2,0.1
22,2505,3,10
22,2593,3,0.1
65,180,NA,0.5
65,493,2,3
65,515,3,0.5
65,738,2,10
65,739,2,0.5
65,740,2,0.1
65,892,2,0.5
65,912,2,0.5
65,916,3,0.1
65,922,2,3
65,928,NA,3
65,1049,3,10
65,1060,4,0.1
65,1076,2,0.5
65,1084,NA,0.5
65,1091,2,0.5
65,1259,2,0.5
65,1268,2,0.1
65,1272,2,3
65,1355,3,0.5
65,1359,2,0.1
65,1423,2,0.1
65,1426,2,0.1
65,1513,3,0.5
65,1533,3,0.5
65,1564,3,0.5
65,1578,2,0.5
65,1583,2,3
65,1599,3,3
65,1600,3,0.5
65,1605,3,0.5
65,1653,2,0.1
65,1655,3,0.5
65,7404,NA,0.1
65,1773,2,0.1
65,1794,2,0.5
65,1828,2,0.1
65,1860,3,0.1
65,1864,2,0.5
65,1987,3,0.5
65,2045,2,0.5
65,2058,3,0.1
65,2069,3,0.5
65,2098,3,3
65,2109,2,0.1
65,2113,2,0.5
65,7950,NA,0.5
65,2189,2,0.5
65,2193,2,3
65,2201,2,0.5
65,2304,2,0.5
65,2398,2,0.5
65,2408,2,0.5
65,2410,2,0.5
65,2415,2,0.1
65,2467,NA,0.5
65,2477,2,3
65,2512,4,0.5
65,2513,3,3
65,2546,2,20
65,2567,2,3
65,2574,2,10
65,2610,2,3
65,2775,2,0.5
65,1056,3,0.5
13,13,3,0.1
13,21,2,0.5
13,87,3,0.1
13,108,3,0.5
13,109,3,3
13,161,4,3
13,178,4,3
13,184,2,3
13,363,4,0.1
13,425,4,10
13,438,4,0.1
13,760,3,0.5
13,787,3,0.5
13,876,4,0.5
13,892,2,3
13,928,NA,0.5
13,1060,4,0.1
13,1276,3,0.1
13,1480,4,0.5
13,1513,3,3
13,1533,3,3
13,1873,3,0.5
13,2066,3,3
13,2070,3,3
13,7950,NA,0.1
13,2179,3,10
13,2193,2,3
13,2276,4,20
13,2303,2,0.5
13,2375,2,3
13,2377,2,3
13,2382,2,0.1
13,2403,3,0.5
13,2408,2,10
13,2410,2,10
13,2430,3,0.5
13,2459,4,3
13,2467,NA,3
13,2477,2,0.1
13,2513,3,10
13,2546,2,3
13,2556,3,3
13,2574,2,3
13,2610,2,20
13,2649,4,3
13,2775,2,0.5
13,2777,3,0.5
13,1056,3,3
108,13,3,0.5
108,18,3,3
108,21,2,10
108,108,3,3
108,178,4,3
108,184,2,0.5
108,765,1,0.1
108,864,2,0.1
108,892,2,0.1
108,928,NA,10
108,1060,4,3
108,1072,3,3
108,1197,2,0.5
108,1259,2,0.5
108,1355,3,0.1
108,1480,4,0.1
108,1533,3,3
108,1604,2,0.5
108,1661,4,0.1
108,1714,2,0.5
108,2113,2,0.1
108,2123,3,0.5
108,2179,3,0.1
108,2293,2,10
108,2340,1,0.5
108,2367,4,10
108,2375,2,0.1
108,2382,2,20
108,2403,3,0.1
108,2425,2,0.1
108,2459,4,3
108,2467,NA,0.5
108,2492,4,0.5
108,2576,4,0.5
108,2595,2,0.1
108,2600,4,0.1
108,2610,2,3
108,2775,2,3
108,1056,3,3
114,94,2,0.5
114,180,NA,0.1
114,363,4,0.1
114,367,3,0.1
114,741,2,10
114,827,2,0.5
114,878,2,0.1
114,912,2,10
114,928,NA,10
114,1056,3,0.1
114,1060,4,0.5
114,1423,2,0.1
114,1426,2,0.1
114,1434,2,0.1
114,1583,2,0.5
114,1655,3,0.5
114,1659,2,0.5
114,1775,3,0.1
114,1818,2,0.1
114,1828,2,0.1
114,1971,3,0.5
114,2007,2,0.1
114,2045,2,0.1
114,2113,2,0.5
114,2123,3,0.5
114,7950,NA,0.5
114,2189,2,3
114,2193,2,0.5
114,2304,2,0.1
114,2398,2,0.5
114,2424,2,0.5
114,2467,NA,10
114,2468,2,0.1
114,2492,4,3
114,2546,2,3
114,2555,2,0.5
114,2556,3,0.5
114,2566,2,0.1
114,2574,2,3
114,2578,2,0.5
114,2595,2,3
114,2610,2,10
10,178,4,3
10,189,2,10
10,281,4,0.1
10,7287,NA,0.1
10,290,4,0.1
10,341,4,0.5
10,363,4,0.5
10,422,4,3
10,426,4,3
10,446,5,0.1
10,670,4,3
10,872,2,0.1
10,886,3,0.1
10,893,4,10
10,1038,3,0.5
10,1040,3,0.1
10,1056,3,3
10,1060,4,10
10,1084,NA,0.1
10,1150,3,0.5
10,1237,3,0.1
10,1296,3,3
10,1391,2,0.5
10,1533,3,0.1
10,1599,3,3
10,1601,4,0.5
10,1665,3,0.1
10,1673,4,3
10,1825,4,0.1
10,1897,3,0.1
10,1971,3,0.5
10,7950,NA,0.5
10,2154,4,0.5
10,2155,4,0.1
10,2181,4,0.1
10,2304,2,0.1
10,2447,2,10
10,2459,4,0.5
10,2467,NA,0.5
10,2489,4,3
10,2503,4,10
10,2512,4,3
10,2527,4,3
10,2549,3,0.5
10,2600,4,0.5
10,2619,4,10
32,161,4,0.5
32,178,4,3
32,363,4,0.5
32,425,4,3
32,438,4,3
32,446,5,3
32,618,4,0.5
32,874,4,0.1
32,928,NA,3
32,1056,3,37.5
32,1060,4,0.5
32,1128,3,0.1
32,1142,3,0.5
32,1150,3,0.5
32,1294,4,10
32,1322,4,3
32,1480,4,0.1
32,1513,3,0.5
32,1533,3,0.1
32,1661,4,0.1
32,1665,3,0.1
32,1713,3,0.1
32,1769,4,0.1
32,7950,NA,3
32,2322,3,0.5
32,2459,4,3
32,2467,NA,37.5
32,2512,4,3
32,2513,3,3
32,2527,4,0.5
32,2559,4,3
32,2574,2,0.5
32,2600,4,3
32,2610,2,20
32,2719,4,0.5
106,10,2,0.5
106,166,2,0.5
106,180,NA,0.5
106,323,2,0.1
106,363,4,0.5
106,401,1,0.5
106,433,2,10
106,441,2,0.5
106,523,2,0.1
106,531,2,0.5
106,532,2,0.5
106,533,2,0.5
106,767,2,10
106,787,3,3
106,864,2,0.1
106,912,2,0.5
106,928,NA,0.5
106,1056,3,0.5
106,1063,3,3
106,1072,3,0.5
106,1076,2,3
106,1084,NA,0.5
106,1378,3,37.5
106,1379,2,0.5
106,1415,2,0.5
106,1431,2,0.5
106,1438,2,0.5
106,1479,3,0.5
106,1604,2,0.5
106,1605,3,0.5
106,1690,3,3
106,1692,2,0.5
106,1775,3,0.5
106,1898,2,0.5
106,1932,2,0.1
106,1993,2,0.5
106,2007,2,0.5
106,2072,4,10
106,2113,2,3
106,7950,NA,0.5
106,2163,4,0.5
106,2302,2,0.5
106,2306,1,0.5
106,2392,2,0.5
106,2405,1,0.1
106,2422,3,10
106,2457,3,0.5
106,2468,2,10
106,2492,4,0.5
106,2519,2,0.5
106,2556,3,0.5
106,2574,2,0.5
106,2578,2,0.5
106,2610,2,0.5
99,13,3,0.1
99,14,3,0.5
99,178,4,0.5
99,363,4,0.5
99,618,4,0.1
99,876,4,0.5
99,1056,3,10
99,1060,4,10
99,1069,3,10
99,1142,3,0.5
99,1150,3,3
99,1513,3,0.5
99,1529,3,10
99,1599,3,3
99,1674,4,0.5
99,1873,3,0.5
99,7950,NA,0.5
99,2418,3,0.5
99,2426,4,0.5
99,2452,4,0.1
99,2459,4,3
99,2460,4,0.5
99,2467,NA,0.5
99,2503,4,10
99,2505,3,0.1
99,2512,4,0.5
99,2513,3,10
99,2527,4,37.5
99,2549,3,10
99,2558,4,0.5
99,2559,4,0.5
99,2564,3,0.5
99,2576,4,10
99,2600,4,0.5
99,2610,2,0.5
6,189,2,0.5
6,363,4,0.1
6,367,3,0.5
6,615,4,0.5
6,689,3,0.5
6,872,2,3
6,1038,3,0.1
6,1084,NA,0.5
6,1359,2,0.5
6,1566,2,3
6,1600,3,0.5
6,1665,3,0.1
6,1671,4,0.5
6,1673,4,0.1
6,1825,4,0.5
6,1856,3,0.1
6,2032,3,0.1
6,2505,3,67.5
6,2512,4,0.5
6,2527,4,0.1
6,2559,4,0.1
6,2564,3,0.5
6,2593,3,0.1
6,761,2,0.5
6,2447,2,67.5
11,178,4,20
11,438,4,0.5
11,761,2,0.1
11,928,NA,0.1
11,1038,3,3
11,1060,4,10
11,1276,3,0.1
11,1326,4,10
11,1394,4,3
11,1513,3,3
11,1533,3,0.5
11,1599,3,37.5
11,1601,4,0.5
11,1655,3,3
11,1665,3,3
11,1673,4,0.5
11,1713,3,0.5
11,1825,4,3
11,1897,3,0.5
11,7950,NA,20
11,2181,4,3
11,2452,4,37.5
11,2459,4,0.5
11,2512,4,67.5
11,2523,4,3
11,2527,4,67.5
11,2549,3,3
11,2558,4,20
11,2559,4,10
11,363,4,0.5
11,1056,3,10
11,2503,4,67.5
20,13,3,0.5
20,87,3,0.1
20,168,4,3
20,178,4,3
20,180,NA,0.5
20,187,4,0.5
20,347,3,0.1
20,363,4,0.5
20,438,4,0.5
20,928,NA,10
20,1038,3,0.5
20,1056,3,0.5
20,1060,4,3
20,1084,NA,0.5
20,1142,3,0.1
20,1276,3,0.1
20,1355,3,10
20,1378,3,0.5
20,1533,3,0.5
20,1596,4,0.5
20,1599,3,10
20,1600,3,0.5
20,1601,4,3
20,1605,3,0.5
20,1897,3,10
20,1971,3,3
20,1987,3,0.5
20,2063,4,0.5
20,2113,2,20
20,2123,3,10
20,2127,3,0.5
20,7950,NA,10
20,2467,NA,10
20,2505,3,3
20,2512,4,0.5
20,2513,3,10
20,2527,4,3
20,2556,3,20
20,2574,2,3
20,2593,3,0.5
20,2600,4,3
20,2719,4,0.1
80,108,3,3
80,161,4,3
80,178,4,3
80,184,2,0.5
80,187,4,0.5
80,323,2,0.1
80,339,4,0.1
80,363,4,0.5
80,439,4,0.5
80,454,5,0.1
80,788,2,0.1
80,892,2,0.1
80,928,NA,3
80,1056,3,0.5
80,1060,4,3
80,1322,4,3
80,1533,3,0.5
80,7404,NA,0.5
80,1825,4,0.1
80,2020,5,0.1
80,2113,2,0.1
80,2119,2,0.5
80,2123,3,10
80,2272,2,3
80,2292,3,0.5
80,2375,2,0.5
80,2377,2,0.5
80,2382,2,0.1
80,2403,3,0.5
80,2430,3,0.5
80,2459,4,10
80,2467,NA,10
80,2490,4,0.5
80,2492,4,3
80,2546,2,3
80,2556,3,20
80,2574,2,3
80,2595,2,20
80,2610,2,0.5
40,109,3,3
40,178,4,0.5
40,180,NA,10
40,184,2,0.5
40,363,4,0.5
40,425,4,10
40,433,2,0.5
40,454,5,3
40,473,3,0.1
40,787,3,0.5
40,864,2,0.1
40,892,2,0.5
40,928,NA,10
40,1056,3,20
40,1060,4,0.5
40,1063,3,0.5
40,1072,3,0.5
40,1084,NA,3
40,1259,2,0.1
40,1316,3,0.1
40,1322,4,3
40,1355,3,3
40,1359,2,0.5
40,1378,3,0.1
40,1533,3,3
40,1600,3,10
40,1601,4,0.5
40,1604,2,3
40,1605,3,0.5
40,7404,NA,0.1
40,1775,3,0.1
40,1971,3,0.5
40,2009,4,3
40,2011,3,3
40,2058,3,0.1
40,2113,2,10
40,2123,3,20
40,7950,NA,3
40,2163,4,0.5
40,2398,2,0.5
40,2403,3,3
40,2408,2,0.1
40,2415,2,0.5
40,2418,3,0.5
40,2424,2,0.5
40,2430,3,0.1
40,2459,4,20
40,2467,NA,3
40,2477,2,3
40,2492,4,0.5
40,2512,4,0.5
40,2556,3,0.5
40,2574,2,3
40,2595,2,0.1
40,2610,2,0.5
28,37,2,3
28,44,2,0.5
28,55,3,3
28,85,3,0.1
28,109,3,0.5
28,161,4,0.5
28,184,2,0.5
28,439,4,0.1
28,473,3,0.1
28,740,2,0.5
28,760,3,0.1
28,787,3,0.1
28,892,2,0.1
28,912,2,0.1
28,928,NA,3
28,968,4,10
28,984,3,0.5
28,986,2,0.5
28,1049,3,0.5
28,1084,NA,0.1
28,1276,3,10
28,1294,4,3
28,1316,3,3
28,1322,4,3
28,1414,3,3
28,1513,3,0.5
28,1533,3,0.1
28,1537,5,0.5
28,1550,3,0.5
28,1653,2,0.1
28,1655,3,0.1
28,1769,4,0.5
28,1793,3,0.5
28,1860,3,3
28,1876,3,0.5
28,1892,3,0.5
28,2007,2,0.5
28,2084,3,3
28,2125,3,10
28,2175,4,3
28,2303,2,3
28,2394,2,10
28,2418,3,3
28,2467,NA,3
28,2512,4,0.5
28,2559,4,0.1
28,2574,2,3
28,2590,2,0.5
28,2649,4,3
28,2686,3,0.5
28,2687,3,0.1
62,13,3,0.1
62,15,3,0.1
62,55,3,0.1
62,81,2,0.1
62,108,3,0.5
62,161,4,0.5
62,178,4,0.1
62,184,2,0.5
62,425,4,0.1
62,515,3,0.1
62,738,2,0.5
62,740,2,37.5
62,796,3,0.1
62,892,2,0.5
62,984,3,0.1
62,1513,3,0.5
62,1533,3,0.5
62,1599,3,0.1
62,1653,2,0.1
62,1793,3,0.1
62,1855,3,0.5
62,1892,3,0.1
62,2007,2,3
62,2109,2,0.5
62,2179,3,0.1
62,2193,2,0.1
62,2201,2,0.5
62,2276,4,0.5
62,2304,2,0.1
62,2377,2,0.5
62,2382,2,3
62,2395,3,0.5
62,2403,3,0.5
62,2546,2,20
62,2555,2,0.1
62,2556,3,0.1
62,2567,2,0.5
62,2574,2,3
62,2610,2,3
35,109,3,0.5
35,141,2,0.5
35,178,4,0.5
35,226,3,0.5
35,260,5,3
35,395,2,3
35,425,4,37.5
35,438,4,0.5
35,761,2,0.5
35,868,4,3
35,876,4,0.5
35,968,4,0.1
35,1056,3,0.1
35,1142,3,0.5
35,1239,2,0.5
35,1294,4,10
35,1322,4,20
35,1394,4,10
35,1477,3,0.5
35,1580,2,3
35,1583,2,0.1
35,1655,3,0.5
35,1760,3,0.5
35,1773,2,0.1
35,1791,2,0.5
35,1794,2,0.5
35,1809,2,0.5
35,1814,5,0.1
35,1856,3,0.5
35,1971,3,0.5
35,7950,NA,0.5
35,2447,2,0.5
35,2459,4,0.5
35,2467,NA,3
35,2486,3,3
35,2503,4,0.5
35,2505,3,0.5
35,2512,4,3
35,2523,4,3
35,2558,4,20
35,2559,4,0.1
35,2687,3,0.1
35,2719,4,0.5
35,928,NA,3
35,525,3,0.5
91,37,2,0.5
89,87,3,0.1
91,87,3,0.1
91,144,3,10
88,168,4,0.1
91,168,4,3
88,178,4,3
89,178,4,0.5
91,178,4,0.5
88,187,4,0.5
95,189,2,3
95,325,4,0.1
88,363,4,0.1
95,363,4,0.5
89,363,4,0.1
88,408,3,0.5
88,438,4,0.5
95,438,4,0.5
91,438,4,0.5
88,446,5,0.5
95,446,5,0.1
89,446,5,3
91,473,3,0.1
91,515,3,0.1
95,615,4,0.1
89,615,4,0.1
88,618,4,0.1
91,618,4,0.1
91,760,3,3
88,795,4,0.1
89,795,4,0.5
91,796,3,10
95,870,3,0.5
95,886,3,3
91,886,3,0.5
89,890,4,3
91,892,2,0.5
88,893,4,3
95,893,4,20
89,893,4,10
91,912,2,3
91,916,3,0.1
88,928,NA,0.5
91,928,NA,10
89,1038,3,0.1
88,1056,3,0.1
95,1056,3,0.5
89,1056,3,0.5
88,1060,4,10
95,1060,4,0.5
89,1060,4,3
91,1060,4,0.1
89,1084,NA,0.1
89,1142,3,0.1
91,1276,3,0.1
89,1484,3,0.1
88,1513,3,0.1
95,1513,3,0.1
91,1513,3,0.1
88,1529,3,0.5
95,1529,3,10
89,1529,3,0.5
88,1533,3,10
95,1533,3,10
89,1533,3,0.5
95,1578,2,0.5
95,1583,2,20
91,1596,4,0.5
88,1599,3,3
95,1599,3,0.5
89,1599,3,3
91,1599,3,0.5
88,1601,4,0.1
89,1601,4,0.1
88,1655,3,0.1
95,1655,3,0.5
91,1655,3,0.5
88,1661,4,0.5
89,1665,3,0.1
95,1673,4,0.5
89,1673,4,0.5
91,1773,2,0.1
95,1825,4,0.5
91,1825,4,0.1
88,1897,3,0.5
89,1897,3,0.1
88,1971,3,3
88,2109,2,3
95,2109,2,0.5
88,7950,NA,10
95,7950,NA,0.5
89,7950,NA,3
91,7950,NA,0.5
89,2155,4,0.1
95,2176,3,0.1
91,2193,2,0.1
91,2201,2,0.1
91,2276,4,0.5
91,2292,3,0.1
91,2303,2,0.1
88,2304,2,0.1
95,2304,2,0.1
91,2304,2,0.5
95,2398,2,3
91,2403,3,0.1
91,2408,2,3
91,2418,3,3
88,2426,4,0.5
95,2447,2,0.5
88,2452,4,0.5
89,2452,4,0.1
88,2459,4,3
95,2459,4,10
89,2460,4,0.5
88,2467,NA,3
95,2467,NA,10
91,2467,NA,20
88,2489,4,0.5
95,2489,4,0.1
89,2489,4,0.1
88,2503,4,0.1
89,2503,4,0.5
91,2503,4,0.5
88,2505,3,0.5
95,2505,3,0.5
89,2505,3,3
88,2512,4,10
95,2512,4,3
89,2512,4,10
91,2512,4,0.5
88,2513,3,0.5
95,2513,3,0.1
91,2513,3,0.5
88,2523,4,0.5
88,2527,4,37.5
95,2527,4,3
89,2527,4,10
91,2527,4,0.5
88,2528,4,3
88,2549,3,0.1
91,2556,3,0.5
95,2558,4,0.1
88,2559,4,0.1
95,2559,4,0.1
89,2559,4,0.5
95,2564,3,0.5
88,2574,2,0.5
95,2574,2,10
91,2574,2,10
88,2576,4,3
89,2576,4,3
91,2576,4,0.1
89,2600,4,3
88,2610,2,0.5
95,2610,2,3
91,2610,2,3
88,2614,4,0.5
95,2614,4,0.5
88,2619,4,0.1
14,189,2,0.5
14,615,4,0.1
14,689,3,0.5
14,806,3,0.1
14,870,3,0.1
14,872,2,0.1
14,916,3,0.1
14,947,3,3
14,1044,3,0.5
14,1143,3,0.1
14,1150,3,0.1
14,1391,2,0.1
14,1392,3,0.1
14,1462,4,0.1
14,1519,2,10
14,1581,3,0.1
14,1583,2,0.5
14,1599,3,0.1
14,1600,3,0.1
14,1607,3,0.1
14,1655,3,0.1
14,1673,4,0.5
14,1825,4,0.1
14,1856,3,0.1
14,1971,3,0.1
14,7950,NA,0.5
14,2154,4,0.1
14,2181,4,0.1
14,2447,2,67.5
14,2460,4,3
14,2486,3,0.5
14,2505,3,0.5
14,2512,4,3
14,2610,2,0.1
51,178,4,0.5
51,184,2,0.1
51,260,5,0.1
51,367,3,0.5
51,395,2,3
51,438,4,0.1
51,439,4,0.1
51,761,2,0.5
51,872,2,0.5
51,892,2,0.1
51,916,3,3
51,928,NA,0.5
51,1056,3,3
51,1060,4,3
51,1084,NA,0.5
51,1091,2,0.1
51,1128,3,0.5
51,1142,3,0.5
51,1150,3,3
51,1239,2,0.5
51,1287,3,3
51,1294,4,3
51,1322,4,3
51,1355,3,0.5
51,1394,4,10
51,1578,2,3
51,1580,2,3
51,1599,3,0.5
51,1600,3,0.5
51,1655,3,0.5
51,1769,4,3
51,1773,2,3
51,1825,4,3
51,1828,2,0.5
51,1971,3,0.5
51,2058,3,3
51,2069,3,0.5
51,2129,3,3
51,7950,NA,3
51,2447,2,10
51,2467,NA,10
51,2471,2,0.5
51,2486,3,10
51,2500,3,0.5
51,2505,3,10
51,2512,4,10
51,2523,4,3
51,2559,4,10
51,2564,3,10
51,2610,2,10
37,53,2,3
37,178,4,0.5
37,184,2,0.1
37,363,4,0.5
37,422,4,0.5
37,438,4,0.5
37,469,3,3
37,761,2,0.5
37,872,2,0.1
37,928,NA,3
37,1056,3,3
37,1060,4,3
37,1142,3,0.1
37,1150,3,0.5
37,1355,3,3
37,1391,2,3
37,1394,4,10
37,1529,3,0.1
37,1533,3,0.1
37,1534,2,0.5
37,1599,3,3
37,1601,4,0.1
37,1655,3,0.1
37,1856,3,0.1
37,1897,3,3
37,1971,3,0.5
37,1987,3,3
37,2063,4,3
37,2098,3,0.5
37,2109,2,0.5
37,2113,2,0.5
37,2123,3,3
37,7950,NA,10
37,2181,4,0.1
37,2447,2,3
37,2459,4,3
37,2467,NA,10
37,2503,4,0.5
37,2512,4,10
37,2513,3,10
37,2527,4,10
37,2549,3,10
37,2574,2,10
37,2593,3,20
37,2610,2,0.5
37,2653,3,0.1
37,2719,4,0.5
111,178,4,0.5
111,363,4,0.1
111,515,3,0.5
111,618,4,0.5
111,633,2,0.5
111,760,3,0.5
111,814,3,0.5
111,916,3,3
111,928,NA,10
111,1038,3,0.5
111,1056,3,3
111,1060,4,3
111,1084,NA,3
111,1142,3,0.5
111,1150,3,0.5
111,1259,2,0.1
111,1294,4,0.5
111,1513,3,0.1
111,1529,3,0.5
111,1599,3,10
111,1607,3,0.1
111,1655,3,0.5
111,1713,3,0.5
111,1825,4,10
111,7950,NA,3
111,2181,4,0.5
111,2303,2,3
111,2304,2,0.5
111,2394,2,10
111,2415,2,0.5
111,2459,4,0.5
111,2467,NA,0.5
111,2471,2,20
111,2505,3,0.5
111,2512,4,3
111,2527,4,0.5
111,2558,4,20
111,2559,4,0.5
111,2564,3,0.5
111,2574,2,0.5
111,2610,2,3
111,2623,4,0.5
31,47,2,0.1
31,85,3,0.1
31,118,3,0.1
31,178,4,0.1
31,187,4,0.1
31,249,3,37.5
31,260,5,0.5
31,336,3,3
31,341,4,3
31,363,4,0.1
31,422,4,0.1
31,469,3,0.1
31,515,3,0.5
31,615,4,0.1
31,670,4,0.1
31,760,3,10
31,877,4,0.5
31,916,3,0.5
31,7952,NA,10
31,991,3,37.5
31,1001,3,3
31,1142,3,0.5
31,1150,3,0.1
31,1213,3,0.5
31,1227,3,10
31,1276,3,0.1
31,1314,3,0.5
31,1529,3,0.5
31,1599,3,0.1
31,1607,3,0.5
31,1655,3,0.5
31,1671,4,0.5
31,1781,3,0.5
31,1825,4,0.5
31,1833,4,0.1
31,7950,NA,0.5
31,2467,NA,0.5
31,2489,4,0.1
31,2503,4,3
31,2512,4,0.5
31,2527,4,0.5
31,2558,4,0.5
31,2574,2,3
31,2610,2,0.5
7,178,4,10
7,347,3,0.1
7,438,4,3
7,603,4,0.1
7,928,NA,0.5
7,1513,3,10
7,1599,3,0.5
7,1655,3,3
7,1665,3,0.1
7,1825,4,0.5
7,2181,4,0.5
7,2459,4,0.1
7,2467,NA,87.5
7,2505,3,10
7,2512,4,0.5
7,2513,3,0.5
7,2523,4,10
7,2527,4,0.5
7,2549,3,3
7,2558,4,20
7,2559,4,3
7,2574,2,0.1
7,363,4,0.5
7,1056,3,3
7,1661,4,0.5
7,2129,3,3
7,2610,2,3
25,110,3,3
25,178,4,3
25,180,NA,0.5
25,184,2,0.5
25,395,2,0.5
25,472,2,0.1
25,493,2,10
25,761,2,0.1
25,886,3,0.5
25,892,2,0.1
25,916,3,3
25,1034,2,0.1
25,1038,3,0.5
25,1049,3,0.5
25,1060,4,0.5
25,1076,2,0.5
25,1084,NA,3
25,1091,2,0.5
25,1143,3,0.1
25,1150,3,0.1
25,1259,2,0.1
25,1268,2,0.1
25,1294,4,3
25,1357,4,0.1
25,1391,2,3
25,1394,4,3
25,1469,3,0.5
25,3007,3,0.5
25,1513,3,0.5
25,1533,3,3
25,1567,4,0.1
25,1578,2,3
25,1581,3,10
25,1583,2,3
25,1599,3,3
25,1600,3,3
25,1643,4,0.5
25,1655,3,0.5
25,1713,3,3
25,1773,2,0.1
25,1794,2,0.5
25,1825,4,3
25,1830,3,0.5
25,1864,2,3
25,1971,3,0.5
25,1987,3,10
25,2045,2,0.5
25,2098,3,10
25,2113,2,0.5
25,2181,4,0.5
25,2394,2,3
25,2408,2,3
25,2459,4,3
25,2467,NA,3
25,2477,2,3
25,2485,3,67.5
25,2505,3,0.5
25,2512,4,3
25,2549,3,3
25,2576,4,0.1
25,2586,2,10
25,2593,3,3
25,2759,3,0.1
25,872,2,10
25,1056,3,3
25,2503,4,0.5
25,2610,2,3
78,10,2,0.1
78,88,2,0.1
78,178,4,0.1
78,187,4,0.1
78,433,2,0.5
78,439,4,0.1
78,504,1,0.1
78,522,4,0.1
78,787,3,0.1
78,864,2,0.1
78,892,2,0.5
78,928,NA,3
78,1056,3,0.5
78,1061,2,0.1
78,1072,3,0.1
78,1259,2,0.1
78,1264,2,0.1
78,1294,4,0.1
78,1322,4,0.5
78,1355,3,0.5
78,1381,3,0.1
78,1385,4,0.5
78,1480,4,0.1
78,1533,3,10
78,7404,NA,10
78,1747,2,0.1
78,1775,3,0.1
78,1971,3,0.1
78,1987,3,0.5
78,2011,3,0.1
78,2066,3,0.5
78,2103,3,10
78,2113,2,3
78,2123,3,3
78,7950,NA,0.1
78,2163,4,10
78,2193,2,0.1
78,2292,3,10
78,2304,2,0.1
78,2333,3,37.5
78,2403,3,0.5
78,2408,2,3
78,2410,2,3
78,2415,2,0.1
78,2425,2,0.5
78,2471,2,0.1
78,2477,2,0.5
78,2512,4,0.1
78,2519,2,0.1
78,2546,2,10
78,2556,3,0.5
78,2574,2,0.1
78,2595,2,0.1
78,2610,2,3
78,2719,4,0.1
78,2775,2,0.5
78,130,4,0.5
78,363,4,0.1
53,178,4,0.5
53,347,3,10
53,363,4,0.1
53,438,4,0.5
53,872,2,0.5
53,928,NA,0.5
53,1006,3,10
53,1056,3,3
53,1060,4,0.5
53,1069,3,0.1
53,1142,3,0.5
53,1513,3,0.5
53,1529,3,3
53,1533,3,0.5
53,1599,3,0.5
53,1655,3,0.5
53,1661,4,0.1
53,1674,4,0.5
53,2109,2,0.5
53,7950,NA,0.5
53,2304,2,3
53,2418,3,0.5
53,2426,4,3
53,2459,4,10
53,2460,4,0.5
53,2467,NA,10
53,2503,4,10
53,2505,3,3
53,2512,4,3
53,2527,4,3
53,2549,3,3
53,2558,4,3
53,2576,4,10
53,2593,3,0.5
61,10,2,0.1
61,161,4,0.5
61,184,2,0.1
61,433,2,0.1
61,740,2,10
61,787,3,0.1
61,878,2,10
61,912,2,0.5
61,928,NA,0.5
61,1072,3,3
61,1378,3,3
61,1416,2,10
61,1423,2,3
61,1604,2,3
61,1690,3,0.5
61,1692,2,0.1
61,1768,2,3
61,1775,3,0.1
61,1892,3,0.5
61,2007,2,0.5
61,2012,2,0.5
61,2113,2,3
61,2119,2,3
61,2163,4,3
61,2193,2,0.5
61,2303,2,0.5
61,2304,2,3
61,2403,3,0.5
61,2424,2,3
61,2467,NA,0.5
61,2546,2,37.5
61,2555,2,0.5
61,2566,2,3
61,2574,2,0.5
61,2595,2,3
61,2610,2,0.5
61,1056,3,0.5
109,178,4,0.5
109,187,4,0.5
109,363,4,0.5
109,438,4,0.5
109,868,4,10
109,877,4,0.5
109,893,4,3
109,928,NA,3
109,970,4,0.1
109,1038,3,0.5
109,1056,3,0.5
109,1060,4,0.5
109,1142,3,3
109,1150,3,0.1
109,1284,4,0.1
109,1294,4,3
109,1513,3,3
109,1529,3,3
109,1537,5,0.5
109,1599,3,0.5
109,1607,3,0.5
109,1713,3,0.5
109,1825,4,10
109,1845,3,0.1
109,7950,NA,0.5
109,2181,4,3
109,2403,3,0.5
109,2418,3,0.5
109,2459,4,10
109,2467,NA,3
109,2503,4,3
109,2512,4,37.5
109,2527,4,0.5
109,2549,3,10
109,2558,4,87.5
109,2559,4,3
109,2610,2,3
109,2653,3,10
36,10,2,0.5
36,87,3,0.5
36,130,4,0.1
36,178,4,0.1
36,187,4,0.5
36,247,4,3
36,363,4,0.5
36,401,1,0.1
36,425,4,0.5
36,433,2,0.5
36,533,2,3
36,554,2,0.5
36,556,3,0.5
36,562,3,10
36,628,2,0.5
36,787,3,0.1
36,846,2,0.5
36,864,2,0.5
36,892,2,0.1
36,922,2,3
36,928,NA,0.5
36,1049,3,0.1
36,1056,3,0.5
36,1063,3,0.5
36,1072,3,0.5
36,1084,NA,10
36,1118,3,0.5
36,1189,3,0.5
36,1193,4,0.1
36,1264,2,0.1
36,1276,3,0.1
36,1294,4,0.5
36,1414,3,20
36,1533,3,0.5
36,1583,2,3
36,1599,3,0.5
36,1604,2,3
36,1690,3,0.5
36,1692,2,0.1
36,1694,2,0.5
36,1776,2,0.5
36,1828,2,0.1
36,1892,3,0.5
36,1898,2,0.5
36,1971,3,0.1
36,1987,3,0.5
36,2007,2,0.5
36,2011,3,20
36,2058,3,0.5
36,2069,3,3
36,2109,2,0.5
36,2113,2,3
36,2125,3,0.5
36,7950,NA,0.5
36,2193,2,0.1
36,2201,2,0.5
36,2216,3,0.5
36,2303,2,0.5
36,2408,2,0.5
36,2415,2,0.5
36,2418,3,0.1
36,2424,2,0.5
36,2467,NA,3
36,2477,2,0.1
36,2492,4,0.5
36,2512,4,0.1
36,2556,3,0.5
36,2574,2,0.1
36,2646,2,3
36,2649,4,3
112,10,2,0.5
112,180,NA,3
112,184,2,0.5
112,363,4,0.5
112,433,2,0.5
112,765,1,0.1
112,787,3,0.5
112,864,2,3
112,892,2,10
112,928,NA,10
112,1056,3,0.5
112,1060,4,0.5
112,1072,3,3
112,1076,2,0.5
112,1084,NA,10
112,1259,2,0.1
112,1264,2,0.5
112,1378,3,3
112,1533,3,10
112,1583,2,0.1
112,1601,4,3
112,1604,2,10
112,1605,3,0.5
112,1692,2,0.1
112,7404,NA,10
112,1775,3,0.1
112,1897,3,0.5
112,1987,3,0.5
112,2069,3,0.5
112,2113,2,3
112,2123,3,3
112,2126,3,0.1
112,2163,4,0.1
112,2193,2,0.1
112,2382,2,0.5
112,2403,3,0.5
112,2408,2,0.5
112,2410,2,3
112,2422,3,3
112,2467,NA,3
112,2477,2,0.1
112,2492,4,0.5
112,2546,2,3
112,2556,3,0.1
112,2574,2,3
96,10,2,0.5
96,108,3,0.5
96,161,4,3
96,178,4,0.5
96,180,NA,0.5
96,184,2,3
96,323,2,0.5
96,363,4,0.5
96,425,4,0.5
96,433,2,0.5
96,736,2,0.5
96,740,2,0.5
96,788,2,0.5
96,878,2,0.5
96,892,2,3
96,912,2,0.5
96,915,3,0.5
96,922,2,0.5
96,928,NA,20
96,1056,3,0.5
96,1060,4,3
96,1072,3,0.5
96,1084,NA,0.5
96,1378,3,0.1
96,1533,3,10
96,1775,3,0.5
96,1898,2,3
96,2011,3,0.5
96,2066,3,0.1
96,2113,2,0.5
96,2119,2,3
96,2123,3,0.5
96,2163,4,0.5
96,2193,2,0.5
96,2304,2,0.1
96,2306,1,0.1
96,2375,2,0.5
96,2467,NA,0.5
96,2492,4,0.5
96,2546,2,20
96,2556,3,10
96,2574,2,3
96,2595,2,0.5
96,2610,2,0.1
96,2719,4,0.1
69,144,3,3
69,168,4,0.5
69,178,4,0.1
69,363,4,0.1
69,438,4,0.5
69,618,4,0.1
69,760,3,0.1
69,795,4,0.5
69,796,3,0.5
69,886,3,0.5
69,892,2,0.1
69,1060,4,10
69,1142,3,0.1
69,1150,3,0.1
69,1294,4,0.1
69,1513,3,0.1
69,1599,3,20
69,1607,3,0.1
69,1655,3,0.1
69,1674,4,0.5
69,1897,3,0.1
69,7950,NA,3
69,2176,3,0.5
69,2467,NA,20
69,2505,3,0.5
69,2512,4,20
69,2527,4,20
69,2549,3,10
69,2574,2,10
69,2576,4,3
69,2593,3,10
69,2600,4,3
69,1056,3,0.1
69,1661,4,0.1
69,1825,4,0.5
69,2304,2,0.5
69,2503,4,0.5
69,2610,2,3
67,178,4,0.5
67,184,2,3
67,187,4,3
67,438,4,0.5
67,515,3,0.1
67,872,2,20
67,886,3,0.5
67,892,2,0.5
67,893,4,0.1
67,916,3,0.5
67,928,NA,0.5
67,1038,3,0.1
67,1060,4,0.5
67,1084,NA,0.1
67,1142,3,0.1
67,1150,3,0.1
67,1259,2,0.1
67,1276,3,0.1
67,1513,3,0.5
67,1533,3,0.5
67,1564,3,0.5
67,1583,2,3
67,1599,3,0.5
67,1600,3,0.1
67,1653,2,0.1
67,1655,3,0.1
67,1856,3,0.5
67,1864,2,0.1
67,1971,3,0.5
67,2109,2,0.5
67,2113,2,10
67,7950,NA,3
67,2155,4,0.5
67,2181,4,3
67,2193,2,3
67,2304,2,0.1
67,2394,2,3
67,2398,2,0.1
67,2408,2,3
67,2426,4,0.1
67,2452,4,0.1
67,2459,4,0.5
67,2467,NA,10
67,2477,2,0.5
67,2489,4,0.1
67,2505,3,0.5
67,2512,4,10
67,2513,3,3
67,2527,4,3
67,2549,3,0.5
67,2564,3,0.1
67,2574,2,0.5
67,2576,4,0.5
67,2593,3,0.5
67,2610,2,0.5
67,955,3,3
67,1056,3,0.5
67,1825,4,0.1
76,13,3,0.1
76,21,2,0.1
76,55,3,0.5
76,178,4,0.1
76,180,NA,0.1
76,184,2,3
76,363,4,0.1
76,515,3,0.5
76,562,3,0.5
76,760,3,3
76,796,3,3
76,876,4,3
76,892,2,0.5
76,912,2,0.1
76,916,3,0.1
76,928,NA,10
76,1060,4,0.5
76,1084,NA,0.5
76,1142,3,0.1
76,1150,3,0.5
76,1259,2,0.1
76,1276,3,0.1
76,1294,4,3
76,1394,4,0.5
76,1513,3,0.1
76,1533,3,0.5
76,1599,3,10
76,1607,3,0.1
76,1655,3,0.1
76,7404,NA,0.5
76,1793,3,0.1
76,1987,3,0.5
76,2073,4,0.5
76,2109,2,0.5
76,7950,NA,0.5
76,2163,4,0.5
76,2175,4,0.5
76,2179,3,0.5
76,2276,4,0.5
76,2303,2,3
76,2394,2,10
76,2408,2,3
76,2418,3,0.5
76,2459,4,10
76,2467,NA,20
76,2477,2,0.5
76,2486,3,20
76,2503,4,0.1
76,2512,4,3
76,2513,3,0.5
76,2556,3,10
76,2574,2,0.5
76,2610,2,3
76,1056,3,0.5
76,1322,4,3
97,168,4,0.1
97,178,4,3
97,180,NA,0.5
97,363,4,0.5
97,391,4,0.5
97,422,4,0.1
97,438,4,0.5
97,760,3,0.5
97,1056,3,0.5
97,1060,4,20
97,1128,3,0.5
97,1276,3,0.1
97,1294,4,3
97,1322,4,3
97,1326,4,3
97,1394,4,10
97,1513,3,0.5
97,1533,3,0.5
97,1599,3,3
97,1661,4,0.1
97,1897,3,0.5
97,7950,NA,20
97,2181,4,0.5
97,2418,3,0.5
97,2467,NA,3
97,2503,4,0.5
97,2505,3,0.1
97,2512,4,10
97,2513,3,0.5
97,2527,4,20
97,2559,4,0.5
97,2564,3,0.1
97,2600,4,0.5
97,2610,2,0.5
97,2719,4,0.5
97,928,NA,3
97,618,4,0.5
71,168,4,0.1
71,187,4,0.5
71,260,5,3
71,341,4,0.1
71,363,4,0.5
71,422,4,0.1
71,615,4,0.5
71,670,4,0.1
71,893,4,10
71,1056,3,0.5
71,1391,2,0.5
71,1513,3,0.1
71,1529,3,10
71,1599,3,3
71,1673,4,0.5
71,1674,4,0.1
71,1825,4,0.5
71,1971,3,0.5
71,7950,NA,3
71,2154,4,0.1
71,2467,NA,10
71,2503,4,0.5
71,2505,3,0.5
71,2512,4,3
71,2523,4,0.5
71,2527,4,0.1
71,2528,4,0.5
71,2549,3,3
71,2558,4,10
71,2559,4,0.5
71,2576,4,0.5
71,2624,4,0.1
86,168,4,0.5
86,178,4,0.5
86,187,4,0.5
86,363,4,0.5
86,438,4,0.5
86,446,5,0.5
86,618,4,0.5
86,886,3,0.1
86,893,4,10
86,928,NA,0.5
86,1056,3,0.5
86,1069,3,0.1
86,1296,3,0.1
86,1513,3,0.5
86,1529,3,0.1
86,1599,3,10
86,1607,3,0.5
86,1655,3,0.5
86,1661,4,0.1
86,1674,4,10
86,7950,NA,3
86,2181,4,0.5
86,2426,4,0.5
86,2452,4,0.1
86,2459,4,20
86,2467,NA,3
86,2503,4,3
86,2505,3,0.5
86,2512,4,3
86,2513,3,0.5
86,2527,4,3
86,2549,3,10
86,2559,4,3
86,2574,2,0.5
86,2576,4,0.5
86,2593,3,0.1
86,2610,2,10
77,21,2,0.5
77,161,4,0.5
77,178,4,0.1
77,363,4,0.1
77,425,4,37.5
77,438,4,0.5
77,469,3,0.5
77,618,4,0.1
77,760,3,0.1
77,797,3,3
77,868,4,10
77,886,3,0.1
77,1083,4,0.1
77,1142,3,0.1
77,1150,3,0.5
77,1177,3,0.1
77,1513,3,0.1
77,1529,3,10
77,1599,3,0.1
77,1655,3,0.5
77,1713,3,0.1
77,1811,3,0.1
77,1812,2,0.1
77,1868,3,0.1
77,1876,3,20
77,2155,4,0.1
77,2179,3,0.1
77,2322,3,3
77,2426,4,0.5
77,2453,3,0.1
77,2467,NA,20
77,2489,4,0.1
77,2503,4,0.5
77,2505,3,0.1
77,2549,3,3
77,2556,3,0.1
77,2559,4,0.1
77,2564,3,0.5
77,2576,4,0.1
77,2600,4,3
77,2777,3,0.1
77,1825,4,10
77,2610,2,0.1
39,178,4,3
39,347,3,0.1
39,363,4,0.1
39,422,4,0.1
39,615,4,0.1
39,1038,3,0.1
39,1056,3,20
39,1084,NA,0.5
39,1391,2,3
39,1463,4,0.1
39,1529,3,0.1
39,1533,3,3
39,1599,3,3
39,1607,3,0.1
39,1655,3,0.1
39,1661,4,0.1
39,1665,3,0.5
39,1673,4,0.1
39,1825,4,10
39,1869,3,0.1
39,1897,3,0.5
39,1971,3,0.5
39,1987,3,0.1
39,2098,3,0.5
39,2109,2,0.1
39,2127,3,3
39,7950,NA,3
39,2181,4,3
39,2459,4,0.1
39,2505,3,0.1
39,2512,4,0.5
39,2527,4,3
39,2528,4,10
39,2549,3,3
39,2558,4,67.5
39,2559,4,3
39,2564,3,3
39,2576,4,0.5
34,168,4,0.1
34,178,4,0.5
34,187,4,3
34,260,5,0.5
34,363,4,0.1
34,438,4,0.1
34,511,2,0.5
34,670,4,0.1
34,916,3,0.1
34,928,NA,3
34,1006,3,0.1
34,1038,3,0.5
34,1056,3,3
34,1060,4,0.1
34,1142,3,3
34,1150,3,0.1
34,1294,4,0.5
34,1326,4,10
34,1394,4,0.5
34,1477,3,3
34,1513,3,3
34,1529,3,0.5
34,1533,3,0.5
34,1578,2,0.5
34,1599,3,3
34,1655,3,3
34,1897,3,0.1
34,1987,3,0.5
34,2113,2,37.5
34,2129,3,10
34,7950,NA,20
34,2155,4,0.1
34,2181,4,10
34,2459,4,0.5
34,2467,NA,10
34,2484,3,3
34,2512,4,0.5
34,2527,4,10
34,2558,4,3
34,2559,4,3
34,2574,2,0.5
34,2610,2,0.5
34,2719,4,0.1
33,15,3,0.5
33,87,3,0.5
33,125,4,0.5
33,178,4,3
33,184,2,0.5
33,363,4,0.5
33,438,4,0.5
33,760,3,3
33,872,2,0.5
33,877,4,0.5
33,912,2,0.1
33,916,3,0.5
33,928,NA,10
33,939,3,3
33,968,4,0.5
33,1049,3,3
33,1056,3,3
33,1060,4,10
33,1084,NA,0.5
33,1142,3,0.5
33,1150,3,0.1
33,1276,3,0.1
33,1284,4,0.1
33,1294,4,3
33,1513,3,0.5
33,1533,3,0.1
33,1550,3,0.5
33,1599,3,3
33,1607,3,0.1
33,1653,2,0.5
33,1655,3,3
33,1661,4,0.5
33,1769,4,0.5
33,1793,3,0.5
33,1825,4,0.5
33,1860,3,3
33,1875,2,0.5
33,1892,3,0.1
33,2066,3,3
33,2109,2,0.5
33,2125,3,0.1
33,7950,NA,3
33,2163,4,0.5
33,2175,4,0.1
33,2201,2,0.5
33,2303,2,3
33,2394,2,3
33,2403,3,0.5
33,2408,2,0.5
33,2418,3,3
33,2467,NA,37.5
33,2477,2,10
33,2512,4,10
33,2513,3,10
33,2549,3,0.5
33,2574,2,10
33,2595,2,3
33,2610,2,10
33,2719,4,0.1
43,178,4,0.5
43,184,2,0.5
43,187,4,3
43,363,4,0.1
43,425,4,10
43,438,4,3
43,446,5,0.1
43,928,NA,3
43,1056,3,3
43,1060,4,10
43,1084,NA,0.5
43,1294,4,3
43,1316,3,3
43,1322,4,10
43,1355,3,3
43,1394,4,3
43,1513,3,0.5
43,1533,3,0.5
43,1599,3,3
43,1600,3,0.5
43,1601,4,3
43,1655,3,3
43,1661,4,0.5
43,7404,NA,0.5
43,1897,3,3
43,1971,3,3
43,2073,4,3
43,2098,3,0.1
43,2109,2,3
43,2113,2,3
43,2123,3,3
43,7950,NA,10
43,2418,3,0.1
43,2426,4,3
43,2459,4,20
43,2467,NA,10
43,2503,4,10
43,2505,3,0.5
43,2512,4,10
43,2513,3,10
43,2574,2,10
43,2595,2,3
43,2600,4,3
43,2610,2,10
43,2719,4,0.1
116,109,3,0.1
116,180,NA,10
116,363,4,0.5
116,438,4,0.5
116,633,2,0.5
116,761,2,0.1
116,928,NA,37.5
116,1056,3,10
116,1060,4,10
116,1084,NA,0.5
116,1355,3,0.5
116,1357,4,3
116,1479,3,0.5
116,1599,3,0.5
116,1600,3,20
116,1655,3,0.5
116,1694,2,0.5
116,1713,3,10
116,1775,3,0.5
116,1794,2,0.5
116,1828,2,0.5
116,1971,3,3
116,1987,3,0.5
116,2113,2,0.1
116,2129,3,0.5
116,2398,2,0.5
116,2415,2,0.5
116,2467,NA,10
116,2492,4,3
116,2512,4,10
116,2559,4,3
116,2564,3,3
116,2574,2,10
116,2595,2,0.5
116,2653,3,0.5
116,2719,4,0.5
113,23,2,0.5
113,109,3,0.5
113,178,4,0.5
113,189,2,0.5
113,194,2,3
113,363,4,0.5
113,395,2,0.5
113,399,2,0.5
113,425,4,0.5
113,438,4,0.5
113,493,2,3
113,623,4,0.5
113,874,4,3
113,908,2,0.5
113,912,2,0.5
113,928,NA,3
113,1056,3,0.5
113,1060,4,3
113,1128,3,3
113,1150,3,0.5
113,1218,2,0.5
113,1259,2,0.5
113,1264,2,0.5
113,1294,4,0.5
113,1322,4,0.1
113,1355,3,0.5
113,1357,4,3
113,1402,3,0.5
113,1479,3,0.5
113,1498,3,0.1
113,1583,2,3
113,1599,3,10
113,1600,3,3
113,1605,3,3
113,1655,3,0.5
113,1714,2,0.5
113,1775,3,0.5
113,1794,2,0.5
113,1828,2,3
113,1864,2,0.5
113,1971,3,3
113,1987,3,0.5
113,2045,2,0.5
113,2086,2,0.5
113,2095,3,0.5
113,2113,2,0.1
113,2180,3,0.5
113,2304,2,0.5
113,2394,2,3
113,2398,2,0.5
113,2415,2,0.5
113,2467,NA,37.5
113,2471,2,3
113,2477,2,10
113,2486,3,10
113,2512,4,3
113,2558,4,0.5
113,2559,4,0.5
113,2564,3,3
113,2565,2,0.5
113,2574,2,10
113,2595,2,3
113,2610,2,3
113,2653,3,0.5
113,2719,4,0.5
19,13,3,0.5
19,144,3,10
19,178,4,0.5
19,184,2,10
19,347,3,0.5
19,363,4,0.5
19,438,4,0.5
19,473,3,0.5
19,515,3,0.1
19,618,4,0.1
19,795,4,0.5
19,796,3,3
19,886,3,0.5
19,892,2,3
19,928,NA,0.5
19,1049,3,0.5
19,1056,3,0.5
19,1060,4,0.5
19,1084,NA,0.5
19,1128,3,0.5
19,1142,3,0.5
19,1150,3,0.5
19,1276,3,0.1
19,1294,4,3
19,1394,4,3
19,3007,3,0.5
19,1513,3,0.5
19,1533,3,3
19,1599,3,10
19,1607,3,0.1
19,1653,2,0.5
19,1655,3,3
19,1661,4,0.1
19,1793,3,0.1
19,1860,3,3
19,1987,3,0.5
19,2109,2,3
19,7950,NA,0.5
19,2193,2,3
19,2201,2,0.5
19,2304,2,0.1
19,2408,2,0.1
19,2467,NA,20
19,2486,3,3
19,2512,4,3
19,2513,3,3
19,2549,3,3
19,2574,2,10
19,2610,2,10
19,2775,2,0.5
101,13,3,0.5
101,178,4,3
101,187,4,0.5
101,318,3,0.5
101,363,4,3
101,422,4,0.5
101,615,4,0.1
101,670,4,0.5
101,796,3,0.5
101,1056,3,10
101,1060,4,20
101,1084,NA,0.5
101,1150,3,0.5
101,1190,4,0.1
101,1200,4,0.1
101,1296,3,0.1
101,1513,3,0.5
101,1599,3,3
101,1601,4,0.5
101,1661,4,3
101,1665,3,0.1
101,2109,2,0.5
101,7950,NA,3
101,2155,4,0.1
101,2276,4,0.5
101,2408,2,0.5
101,2426,4,3
101,2459,4,0.5
101,2467,NA,3
101,2490,4,10
101,2503,4,3
101,2512,4,3
101,2513,3,10
101,2527,4,10
101,2549,3,3
101,2574,2,37.5
101,2576,4,0.5
101,2610,2,3
101,928,NA,3
101,341,4,0.1
104,178,4,3
104,180,NA,3
104,347,3,0.1
104,363,4,0.5
104,473,3,0.1
104,787,3,3
104,912,2,0.1
104,1056,3,3
104,1060,4,10
104,1084,NA,0.5
104,1355,3,0.1
104,1513,3,3
104,1533,3,10
104,1583,2,0.1
104,1599,3,0.5
104,1655,3,0.5
104,1661,4,0.1
104,1828,2,0.5
104,1897,3,0.5
104,1971,3,0.5
104,1987,3,0.1
104,2113,2,0.5
104,2123,3,3
104,7950,NA,3
104,2163,4,3
104,2193,2,0.5
104,2375,2,0.1
104,2418,3,0.5
104,2459,4,0.5
104,2467,NA,10
104,2490,4,0.5
104,2492,4,3
104,2505,3,0.5
104,2513,3,10
104,2546,2,0.5
104,2574,2,10
104,2595,2,0.5
104,2610,2,3
104,2719,4,0.5
104,928,NA,37.5
